track_name,video_id
aLIEz - Aldnoah. Zero 』を進めします,dNGiRuLABgI
Mika Nakashima - Boku Ga Shinou To Omottanowa,6xZWW8ZQvVs
A-Wall - Loverboy,QJkTqC-JMmc
A-ha - Take On Me,HzdD8kbDzZA
ABBA - Gimme! Gimme! Gimme,pa2j0Bh83ms
AC/DC - Back in Black,9vWNauaZAgg
AC/DC - Highway to Hell,ikFFVfObwss
Aerosmith - Dream On,9PpXu-2fPHc
Akuma Nihmune - Pizza in the Cosmos,axI8fVuBgxA
Akuma Nihmune - Plants,LRuIXTWEDkg
Akuma Nihmune - Sweater Lovin',GeEJ0mdnJbY
Ale & Goot & Against The Current - Beauty And A Beat,vPJl93HdQQ8
Ale & Goot & Against The Current - Let Me Love You,Kcj5-jWxgKs
Ale & Goot & Against The Current - Find You,KpDYOdKG0gk
Ale & Goot & Against The Current - Find You,KpDYOdKG0gk
Ale & andr Misko - Careless Whisper,dP-7HCtSAfU
AnnenMayKantereit & Giant Rooks - Tom's Diner,WBaqKUODr8o
Arctic Monkeys - 505,KfEEm4Zx-EU
Arknights - DJ OKAWARI feat. Ai Ninomiya - Speed of Light,d3jylNWjb3k
Arknights - Rad Cat - Ain't Seen Nothing Like This,X6CZa76v5xM
Avicii - Levels,xAgv1mAyxr8
Avicii - The Nights,W4C-NEWrnSQ
Avicii - Waiting for Love,iR1sAex__VA
Avicii - Wake Me Up,2NiyrtYegso
Backstreet Boys - I Want It That Way,LwkrXybZ1uo
Ben King - Stand By Me,Ni85wmDuNfc
Benson Boone - Beautiful Things,eLhSxOAaWmg
Beyonce - Hello,60gOJYc93J8
Bill Withers - Just the Two of Us,gelwwYuYGn0
Billie Eilish - BIRDS OF A FEATHER,WKZO-CWeOVA
Billie Eilish - Lovely,MMfpp0-lnw4
Billy Joel - Piano Man,LLbew85exp0
Billy Joel - We Didn't Start the Fire,55q6jrfBDdk
Black Eyed Peas - I Gotta Feeling,OIPmhkzN2ug
Black Eyed Peas - Time of My Life,r_-dTUjfhAk
Bob Dylan - Blowin' in the Wind,KJBbX0jzM2c
Bob Seger & The Silver Bullet Band - Old Time Rock & Roll,W1LsRShUPtY
Bobby Caldwell - What You Won't Do for Love,n9DmdAwUbxc
Bon Jovi - It's My Life,bY3vXr7fm8k
Bon Jovi - Livin' On a Prayer,YBdyc1WDlBQ
Bon Jovi - You Give Love A Bad Name,Aqc3VTpz9HQ
Boney M - Rasputin,5Z0dxsFmX7c
Bonnie Taylor - Holding Out for a Hero,6kL0OqgGyQg
Bonnie Tylor - Holding Out for a Hero,qgHVh5jspsA
Bradley Cooper - Maybe It's Time,vwgXtMXuDdw
Bruno Mars - 24K Magic,r7-A9NqUjRI
Bruno Mars - Grenade,Dyf5M3c1NVo
Bruno Mars - Talking to the Moon,QyN7J1eB1fU
COEDS - I Wanna Dance with You (All Night Long),KFvNdznH_zg
Cepheid - Chronos,26W7rVonsEs
Chainsmokers - Closer,r7zTKRonHXM
Chainsmokers - Don't Let Me Down,CpTr4USXjQw
"Chappell Roan - Good Luck, Babe!",VZ-oGLluGAc
Chilli Beans - Tremolo,FvZfENb7JRo
Chuck Berry - Johnny B. Goode,Y-9Y4CCIWnM
Clean Bandit - Rather Be (feat. Jess Glynne),EMN3N6oyDv0
Clean Bandit - Symphony (feat. Zara Larsson),-SttFgyRNCI
Counting Crows - Accidentally In Love,GEo7W-uJNkc
Crispin - Go Back Home,P0TWjD0Xv8Y
Darius Rucker - Wagon Wheel,rSH7wmGntfo
Daryl Hall and John Oates - You Make My Dreams Come True,E4CZuj7solw
Dean Martin - Let It Snow! Let It Snow! Let It Snow!,tZmY4L4cfus
Delutaya - HAPPY SYNTHESIZER,-nodRWN1VyM
Disney (Frozen) - For the First Time in Forever,BrtibLyqrdw
Disney (Frozen) - Let It Go,qSU560anReg
Disney (Moana) - How Far I'll Go,RxIkh6cNxg0
Disney (Mulan) - Be a Man,elBKil5zE2g
Disney (Pocahontas) - Color of the Wind,MpLnqOvGuMs
Disney (Pocahontas) - Colors of the Wind,MpLnqOvGuMs
Dolly Parton - 9 to 5,OPoSuyu0dsY
Dolly Parton - Jolene,ZCwWAD6ZuPk
Don McLean - American Pie,iX_TFkut1PM
Doul - Be Me,XA-D0jY0Z9w
Dream - Get Over,v5JjlzWbkNQ
Dua Lipa - Dance The Night (From Barbie The Album),Z1yDjhXIDSc
Dua Lipa - Houdini,cCfPDrRQp9k
Dua Lipa - Levitating,e8WoWk4b3D0
EGOIST - Namae No Nai Kaibutsu,oH25LwzUYTU
"Earth, Wind, and Fire - September",B2mmDEv0OEk
Ed Sheeran - Bad Habits,hJWSZDJb-W4
Ed Sheeran - Beautiful People,6v8BmMirkUk
Ed Sheeran - Galway Girl,K0WAS1pyocY
Ed Sheeran - I Don't Care,7hDam9i-Aps
Ed Sheeran - Perfect,ORrFJ63nlcA
Ed Sheeran - Shivers,G1ej5up7JG0
Ed Sheeran - The A Team,WYABDdnBu0w
Edomae Elf ED (Akari Nanawo) - Kien Romance,9GGDbVHz3yU
Edward Maya - Stereo Love,W80rrFI9b_A
Eiichi Ohtaki - Shiawase Na Ketsumatsu,UINxt2AotPI
Electric Light Orchestra - Mr. Blue Sky,wuJIqmha2Hk
Elton John - I'm Still Standing,Ye9hGotPPVk
Elvis Presley - Can't Help Falling In Love,pZuJKQ6uzHE
Eric Clapton - Tears in Heaven,VVqXLXMch9g
Frank Sinatra - Come Fly With Me,yOzEeJZ92X8
Frank Sinatra - I Love You Baby,3pYqVj-FyBk
Frank Sinatra - Moonlight Serenade,ZOihMwRxUdM
Frankie Valli and the Four Seasons - Can't Take My Eyes Off You,DYwQy_9JPtQ
Frankie Valli and the Four Seasons - Sherry,LVAsnD969qs
Glenn Lewis - Fall Again,zeKh6fR6YbI
Gloria Gaynor - I Love You Baby,i0iD4KzoIqk
Gotye - Somebody That I Used To Know,jg51kFe7CWU
Greatest Showman - A Million Dreams,z4cCYB9Ggq0
Greatest Showman - Anne-Marie & James Arthur - Rewrite the Stars,GtXvzJRuH9M
Greatest Showman - Come Alive,mciFWK3huE8
Greatest Showman - From Now On,25MqD0hHo14
Greatest Showman - Never Enough,LmwcJ3UsX48
Greatest Showman - The Greatest Show,KjjexAtzXgk
Green Day - Boulevard of Broken Dreams,J0xe5DcnYSA
Green Day - Wake Me Up When September Ends,ulRXvH8VOl8
Guns N Roses - Paradise City,T0ZmErXkbxE
Guns N Roses - Sweet Child of Mine,oMfMUfgjiLg
Gym Class Heroes - Stereo Heart,SiRJw4f_ufc
Honkai Impact 3 (Hanser for Bronya) - Cyberangel,nQ1DGILU3Ag
Honkai Impact 3 (Hanser/Bronya) - Cyberangel,nQ1DGILU3Ag
Honkai Impact 3 (Kiana) - Nightglow,9eBEix_Ltrw
Honkai - Nightglow,9eBEix_Ltrw
Hozier - Too Sweet,mfha0a8IXKs
Invitation - The Kenny Clarke - Francy Boland Big Band - The Golden Eight - encore !,BHvR4S_XhTw
JVKE - golden hour (piano cover),9SFyYXMcraI
Jack Stauber - Buttercup,e2qG5uwDCW4
James Arthur - Say You Won't Let Go,TUnEJM6W-Fw
"James Brown & The Famous Flames - It's A Man's, Man's, Man's World",hK97cdbbsQw
James Brown - I Got Ants In My Pants (And I Want To Dance) (Remix),1eC9asFxOws
James Brown - This Is A Mans Mans Mans World,hK97cdbbsQw
Jason Mraz - I'm Yours,DbHhmn8Pl0k
Jason Mraz - Living in the Moment,QL0WyeP9iIg
Jennifer Lopez - On The Floor,gDRL47NzG5o
"John Denver - Take Me Home, Country Roads",c0dvabcWVo0
John Legend - All of Me,sQtnhwU2R9Y
John Lennon - Imagine,rAn-AWXtHv0
Joseph Williams - Can You Feel the Love Tonight,cGn4bofuNMk
Josh Turner - Your Man,BxU91sedows
Journey - Don't Stop Believing,PIFUWHvSixw
Journey - Separate Ways (Worlds Apart),UsdGgRL1xHc
"K/DA - POP/STARS (ft. Madison Beer, (G)I-DLE, Jaira Burns)",1Z_g6Gtj9Cs
KANSAS - Carry on Wayward Son,tz6u9suVNlY
Katy Perry - Roar,6nJuUdc2qNg
Katy Perry - Teenage Dream,ola76RXPTQ0
Katy Perry - The One That Got Away,64wxAbbWNag
Katy Perry Feat. Snoop Dogg - California Girls,ru3tYeyIOFk
Keane - Somewhere Only We Know,q5sVys7jk2I
Kool & The Gang - Celebration,TBS6gAtj8gE
Kuba Oms - My Love,UTqmc5zcDD4
Lady Gaga - Bad Romance,fiRjp6y6QvI
Laufrey - From the Start,h8DeZSB2o-c
Lauren Aquilina - You Can Be King Again,BaBGtsw_si4
League of Legends - Rise,JCJDdN_ohxY
Lewis Capaldi - Someone You Loved,pRIZohFFOMo
Lil Nas & - Old Town Road,TxcmdhjmnEE
Lil Nas & - Old Town Road (Remix) (feat. Billy Ray Cyrus),TxcmdhjmnEE
Linkin Park - Lost,auGo9bUpBf8
Linkin Park - Numb,Q7cQU86CDB0
Lone Alpha - Seasons (feat. Shiki Miyoshino),gcAVUBNcZsI
"Louis Armstrong - Hello, Dolly!",cy1na9qA5y0
Louis Armstrong - Mack the Knife,b4tTl1KxtmY
Lukas Graham - 7 Years,vTMAa6zZ7jY
Luke Bryan - I Don't Want This Night To End,KIHFcRrU6-s
Lynyrd Skynyrd - Sweet Home Alabama,iL-jC7XyLeo
MC Hammer - U Can't Touch This,gDCRrvtY78g
Maneskin - Beggin',rG9ZGlNuEms
Maroon 5 - Daylight,DrSJKj1S_fE
Maroon 5 - Move Like Jagger,AH5n69Z81u8
Maroon 5 - Payphone,3ssXSY7f3s4
Maroon 5 - She Will Be Loved,LHBbWBX_azA
Maroon 5 - Sugar,MozAXGgC1Mc
Marvin Gaye and Tammi Terrell - Ain't No Mountain High Enough,oB9JIz72BoM
Metal Gear - Cynthia Harrell - Snake Eater,m2OR_JaXDaM
Metallica - Enter Sandman,CHIWNDAwTqQ
Michael Jackson - Beat It,WlTlUseVt7E
Michael Jackson - Billie Jean,7CTJcHjkq0E
Michael Jackson - Dirty Diana,1R4pJc6vNn8
Michael Jackson - I Just Can't Stop Loving You,HX6aHf7aRHA
Michael Jackson - Love Never Felt So Good,FkxEE7wZ83c
Michael Jackson - Remember the Time,qM19eRgOK1Q
Michael Jackson - Rock With You,OvzJZTkWYoY
Michael Jackson - Smooth Criminal,XzNWRmqibNE
Michael Jackson - The Way You Make Me Feel,T3FG_YQOW5k
Michael Jackson - You Are Not Alone,02dMNQxwy48
Miley Cyrus - Party in the USA,R1kOdTm9FBk
Monkees - I'm A Believer,G5EuEF05G2M
Mountain - Mississippi Queen,VbP4qf8PjfI
NIGHTCORE - The Cab - Angel with a Shotgun,duhJrENg92c
NOAH - Bcrux,rn0VrJkeXFs
NSYNC - Bye Bye Bye,fxHjlCBHuzA
N & CRE - Usurper,tGD4WjRIpCw
Natasha Bedingfield - Unwritten,iKejQrGq04w
Nathan Evans - Wellerman - Sea Shanty,D458Eaql_aQ
Neil Young - World on a String,EiEeTlyDmpc
Nick Howe - Someone You Loved,BDtSno-DZW8
Nickelback - Gotta be Somebody,qOeStGrqveE
Nightcore - How To Be A Heartbreaker,I5OYPTi8jEU
Nightcore - MARINA - How to be a Heartbreaker,sHALM2J-4eU
Nightcore - Remember When,uJzDN7wIXCw
Nightcore - The Cab - Angel with a Shotgun,duhJrENg92c
Norah Jones - Come Away with Me,rZbhDOC7oyI
One Direction - That's What Makes You Beautiful,d57qSDCxVA4
OneRepublic - Counting Stars,_GWKkqNoyEA
OneRepublic - Nobody (from Kaiju No. 8),OvGYSfMJf40
OneRepublic - RUNAWAY,9Zu-y-QKTe0
Owl City - Fireflies,KWLGyeg74es
Panic! At the Disco - High Hopes,GJY8OMJXRAk
Passenger - Let Her Go,xsvuOkYIRoI
Phase Connect (Jelly) - Luminary,6zF_2EZzJ6A
Phase Connect (Runie) - AposTASTY,X3_-lfYbtGM
Phil Collins - In the Air Tonight,NX39p_UMJ_0
Pierce the Veil - Just the Way You Are,u5S0OgNd6zI
Plain White T's - Hey There Delilah,oEeet9t--tI
Player - Baby Come Back,vLtmmFjxSoc
Queen - Another One Bites the Dust,QNGEV6BrFMs
Queen - Bohemian Rhapsody,utwMHfDZ6SA
Queen - Radio Gaga,SjM6yZmfBXA
RAN - Saling Merindu,04Lwd4xR_xQ
Radiohead - Creep,9RfVp-GhKfs
Rainych - Say So (Japanese Version),yIAsrNc76-Y
Rascal Flatts - Life is a Highway,8v9V6oNGAvw
Redbone - Come and Get Your Love,rsf_gTZG4cI
Rick Astley - Never Gonna Give You Up,lYBUbBu4W08
Rihanna - Only Girl (In The World),JhCA0y_ya6w
RoadTrip TV - Solo,ZyFXDFvDn2w
Rob zombie - Dragula,SOctyXxCm-4
Robin Schulz - Sugar (feat. Francesco Yates),j1h0rPYKces
Rocky Orchestra - Gonna Fly Now,LOyHMftfbGA
Rookiez Is Punk'd - In My World,j-5F1QjPAkI
"Roy Orbison - Oh, Pretty Woman",3KFvoDDs0XM
"Russell Dickerson - ""Home Sweet""",HwPAmhlpWRQ
"Russell Dickerson - ""Love You Like I Used To""",JkF264oCFH0
"Russell Dickerson - ""Yours""",OxFnqgXTSbc
Ruth B. - Lost Boy,tftbelVTZQw
Sam Smith - I'm Not The Only One,O-D0nXOanQY
Sam Smith - Stay With Me,cN5cEcXRUkM
Sam Tsui & Christina Grimmie - Just A Dream,j5JKx9ISxaw
Satoshi Gogo - Haru,QF4WgYgSYIg
Scatman John - Scatman (ski-ba-bop-ba-dop-bop),Eht9W25tDZo
Selena Gomez - Wolves,3ZJ1PkZt3M8
Shakira - Waka Waka This is for Africa,1FeEa2Ew2yo
Shayne Orok - Shinunoga E-Wa,mAbpxEaAfvY
Shayne Orok and Ali Orok - Anyone Else,Dl8f0c2kK1U
Shrek - All Star - I'm a Believer,xCP7bCJxxm8
Shrek - All Star - Smash Mouth,8ay_BkRuv-o
Si & pence None The Richer - Kiss Me,CAC-onWPMB0
Smash Mouth - All Star,8ay_BkRuv-o
Snow Patrol - Chasing Cars,sgj04v5sDm4
Survivor - Eye of the Tiger,S-LO6dctBms
TOKOTOKO - Emerald City,FIv94mxhg6Q
Taylor Swift - Love Story,adrGakL11Ss
The Black Eyed Peas - I Gotta Feeling,OIPmhkzN2ug
The Chords - Sh-Boom,ESLa421KQaM
The Hollies - Long Cool Woman (In a Black Dress) (1999 Remaster),zqBCGmqgbHU
The Jackson 5 - Santa Clause Is Coming To Town,nI9Bg38BKCk
"The Police - ""Don't Stand So Close to Me""",aRABCGXEUXo
"The Police - ""Message in a Bottle""",WMl1xKJeuuQ
"The Police - ""Roxanne""",fZheUzgIFEk
The Police - Every Breath You Take,-SaUrDhp034
The Rolling Stones - Paint It Black,170sceOWWXc
The Wanted - Chasing the Sun,iEEMMevA32k
The Wanted - Glad You Came,XsMvL1uvl_o
The Wanted - We Own The Night,pNt0KFlWv2c
The Weeknd - Blinding Lights,J7p4bzqLvCw
The Weeknd - Save Your Tears,RmYCOm4ehKs
Tom Odell - Another Love,YRkWZO4iLYk
"Train - Hey, Soul Sister",_2qJy5r-WAY
Van Halen - Dreams (2023 Remaster),cLdqOQTTTRY
Van Morrison - Brown Eyed Girl,nEQmbFWnQeE
Vance Joy - Riptide,En_6WWOWh8E
Vanessa Carlton - Thousand Miles,PNoIn1WKiEc
"Volcano - The Kenny Clarke, Francy Boland Big Band - Volcano / Rue Chaptal",EkHXopu9mtw
WALK THE MOON - Shut Up and Dance,GGsuLVlLObc
Wham! - Last Christmas,GJvGf_ifiKw
Whitney Houston - I Wanna Dance with Somebody (Who Loves Me),6xzN8Nt0Pok
Whitney Houston - I Will Always Love You,m4QZL7whs10
Willie Nelson - Always on My Mind,fA-kdZ5dbYk
Willie Nelson - On The Road Again,rs-7_sRBY3Q
"You Stepped Out of a Dream - The Kenny Clarke, Francy Boland Big Band - Volcano / Rue Chaptal",ThavEi3hDas
Zedd - Clarity (feat. Foxes),Lur-rvf6A1c
一剪梅 - 雪花飘飘北风啸啸,toKr7Pa-k4c
丢火车 - 晚安,Qgk_3X7bJ7E
丢火车乐队 - 晚安,Qgk_3X7bJ7E
五月天 - 最重要的小事,_uhpoBx6Hpc
五月天 - 派对动物,DU_yNJ3UVwU
五月天 - 突然好想你,EopCPbEj1FA
五月天 - 終結孤單,_tbA5bvR9D4
任然 - 空空如也,dxx75JMHtLk
任賢齊 - 對面的女孩看過來,iTEM-C5-cFw
任賢齊 - 心太軟,DlQtahDMDCw
伍思凱 - 特別的愛給特別的你,hm0xK0dp134
光良 - 童话,OSCuOsaOE48
告五人 - 帶我去找夜生活,VJjN_yxKnL8
告五人 - 愛人錯過,E52qnW59iEE
周杰伦 - 夜曲,Ii46Q7i4uuk
周杰伦 - 青花瓷,DxpndDEAqGk
周杰倫 - 暗號,EU9-clxTh4A
周杰倫 - 聽見下雨的聲音,vbOqG8ZdUnE
周杰倫 - 說了再見,Wlwk9osZ9Mc
周興哲 - 以后别做朋友,vhp4i3odinY
姚斯婷 - 我的心太乱,bwZLrK7duyM
孫燕姿 - 遇見,O0cdx7H3sMY
岑宁儿 - 追光者,Th7XKEpWdaM
崔健 - 新长征路上的摇滚,Juld6fJt9Bg
庾澄慶 - 情非得已,Spp_Ql7j5Vk
旺福 - 我当你空气,3RAJlmB7iA0
曲婉婷 - 我的歌声里,UTl-oI4CYgU
朴树 - 平凡之路,6q5Syk54i9U
李榮浩 - 不遺憾,1g_5kANe-PE
林宥嘉 - 说谎,GkchX5GLLyM
胡夏 - 那些年,O29mg2nbi7M
胡夏 - 那些年我们一起追的女孩,O29mg2nbi7M
薛之谦 - 演员,W6n4BDItSZg
逃跑計劃 - 一萬次悲傷,Aw6gl4x3qoU
逃跑計劃 - 夜空中最亮的星,XT8JUAPQ7P0
鄧麗君 - 月亮代表我的心,IgvDMB5fR-8
阿云嘎贾凡 - 生命的河,5klgEQxe6Cg
陳小滿 - 傷你,DeUTaEb-IZg
老王樂隊 - 我还年轻 我还年轻,JoDvT0PrzlY
醉紅顏 - 周傳雄-我的心太亂,9w69E5GGJSQ
宋冬野 - 斑马，斑马,FZ8o_N57RYk
阿肆 - 熱愛105°C的你,_FVvA1lUkQ8
鞠文娴 - BINGBIAN病变 (女声版),goAiLy0D3kc
菅田将暉 - Machigaisagashi,pdvnR6cmI5U
梶浦由記 - Melody,hWlPS7CxOwk
生命謳歌 - NEE,eVXpTmqsytk
"湘南乃風 (Shonan no Kaze) - ""Dear My Friend""",zdyhZjHicEM
"湘南乃風 (Shonan no Kaze) - ""JUMP AROUND""",V7HN4lVR_SU
"湘南乃風 (Shonan no Kaze) - ""LIFE""",1RipSDIRZ3o
"湘南乃風 (Shonan no Kaze) - ""Saboten""",cMkpHiiZcjM
"湘南乃風 (Shonan no Kaze) - ""Weekend Paradise""",zdyhZjHicEM
宋冬野 Dongye Song - 斑马，斑马,FZ8o_N57RYk
周興哲 Eric Chou - 以后别做朋友,vhp4i3odinY
怪物小姐 feat.愛繆 - 平井堅,sTQzXojyZ_4
庾澄庆 Harlem Yu - 情非得已,Spp_Ql7j5Vk
三代目 J SOUL BROTHERS from E & ILE TRIBE - 冬物語,1Y-ISJY7v9g
林俊傑 JJ Lin - 江南 River South,QUNcX9Z3Mqo
李宗盛 Jonathan Lee - 山丘,BwOWcyhSrpE
李荣浩 Li Ronghao - 李白,1pYV95RFh0c
李荣浩 Li Ronghao - Can't Bear It (Ending Credit Theme Song of 'You Are My Sunshine'),sVzQeUKZzjc
李荣浩 Li Ronghao - Composer,BDDi2U8VhwM
李玉刚 Li Yugang - 剛好遇見你,OaQlTi-8-SY
周傳雄 Steve Chou - 黃昏 Huang Hun,KQTCO417h_M
田一名 Tian Yiming - Super Idol 的笑容/热爱105°C的你,ueR1kkBgW6s
月 Tsuki - 嘘月,utpMm8qi4hg
汪峰 Wang Feng - 怒放的生命,5iH_X-aPyng
汪峰 Wang Feng - 飞得更高,zNosVl08Mb8
汪峰 Wang Feng - 再也没有,SwQR_7Gyrk4
汪峰 Wang Feng - 空空如也,4rrAS20JjNM
许巍 & u Wei - 像风一样自由,7f6gDZlZTQ0
健屋花那/白雪巴 - magnet,E9grS0rNZg8
A-Lin - 給我一個理由忘記,H3O4rREOZt8
刺蝟Hedgehog - 生之響往,esUpJ1ddZkA
三代目J Soul Brothers - 冬物語,1Y-ISJY7v9g
李宗盛Jonathan Lee - 山丘,BwOWcyhSrpE
李荣浩Li Ronghao - 李白,1pYV95RFh0c
李荣浩Li Ronghao - Can't Bear It (Ending Credit Theme Song of 'You Are My Sunshine'),sVzQeUKZzjc
李荣浩Li Ronghao - Composer,BDDi2U8VhwM
Ronghao Li - 一百 (百事可乐品牌主题曲) - Everything (Co-Created with Pepsi),sbjSSNZaVZE
周傳雄Steve Chou - 黃昏,KQTCO417h_M
田一名Tian Yiming - Super Idol 的笑容/热爱105°C的你,ueR1kkBgW6s
汪峰Wang Feng - 怒放的生命,5iH_X-aPyng
汪峰Wang Feng - 飞得更高,zNosVl08Mb8
汪峰Wang Feng - 再也没有,SwQR_7Gyrk4
汪峰Wang Feng - 空空如也,4rrAS20JjNM
Yu-Ching Fei - 一剪梅 （雪花飘飘北风啸啸）,toKr7Pa-k4c
蔡程昱 & 马佳 - 旷世之爱 Grande Amore,g78_nizo_qY
James Li - Sunny II,SCNg3Am2pCw
soundworks - Ama no Zaku 天ノ弱,GRZnz3vwGwE
PM - Take Off,tgFS8YcK5XY
na - BURU,fvCa8Tm_pys
!! - Orange,B_ZDf1SFqHc
A-Channel - Morning Arch,ATflA6WOy0I
AAA - さよならの前に Sayonara no Mae Ni,7lcxt2tRyGQ
AAA - 恋音と雨空 Koi Oto to Amazora,IskPB96lf78
ALI - LOST IN PARADISE (Jujutsu Kaisen Ending Theme Song) (feat. AKLO),4qqeafI9kXM
AQUAPLUS - Kimigatame,Rp1dULfPNeg
ASIAN KUNG-FU GENERATION - A Flower Named You,75yfpkKD3b0
ASIAN KUNG-FU GENERATION - After Dark,RWwrk9PMB28
ASIAN KUNG-FU GENERATION - Haruka Kanata,wCqpacYI6b0
ASIAN KUNG-FU GENERATION - Re:Re:,ZRKEMeGGegs
ASIAN KUNG-FU GENERATION - Rewrite,G3_8jgVceBs
ASIAN KUNG-FU GENERATION - Rewrite / リライト,G3_8jgVceBs
ASU - スロウリー / Slowly,ohbUADmg1oo
AUO feat. MORISAKI WIN - DAY1,dvMN07hnYFE
Ado - Backlight / 逆光（UTA from ONE PIECE FILM RED）,vHfAjfKVMew
Ado - I'm invincible / 私は最強 (UTA from ONE PIECE FILM RED),XTDjp4YdS1o
Ado - Kitto Coaster / きっとコースター,D2Ig3BFmcKU
Ado - New Genesis / 新時代 (UTA from ONE PIECE FILM RED),ViOzYSYWCMM
Ado - Odo,C7YQq-nup3A
Ado - いばら,KWCX4YfxlP0
Ado - ギラギラ,Dt0CYNAYfNY
Ado - ボッカデラベリタ,Bi2NmoUIVsc
Ado - Overdose 歌いました,dtN5DJ9Gvh4
Ai Tomioka - グッバイバイ - Good bye-bye,jgTIP9Bnokw
Aimer - After Rain,g4IEhywhzIs
Aimer - I beg you,_aJgYCANh_o
Aimer - Koi wa Ameagari no You ni ED - Ref:rain,XF1Cblkt3Ic
Aimer - Last Stardust,ngm99aJh7ig
Aimer - March of Time,ZzmXu7ZxwcI
Aimer - Ref:rain (Koi wa Ameagari no You ni ED),XF1Cblkt3Ic
Aimer - Resonantia,WkrNs2-Sg1k
Aimer - Torches,_jTCDPWy0tw
Aimer - Words,iFdgtCYMb_g
Aimer - Zankyosanka,Nc0sB1Bmf-A
Aimer - 悲しみはオーロラに,qeEIfm6FXxg
Aimyon - Marigold,UbxtCV8nXnA
Aimyon - Till I Know What Love Is (I'm Never Gonna Die),KK8A6pVrCdQ
Aimyon - 愛を伝えたいだとか,TSGOZyt2iDI
Akaseakari - Koi no Yukue,koefb_pSStw
Akatsuki no Yona (Akiko Shikata) - 暁 Dawn,zqpNJ_ShWso
Akatsuki no Yona (Kunihiko Ryo) - Akatsuki no Yona,FlNraxyWdlY
Akie - 天ノ弱,GRZnz3vwGwE
Akino - 創聖のアクエリオン,DPcvrKjl-1o
Alessandra Mussolini - Tokyo Fantasy,wZMw3PhRB7o
Alohaii - Embrace,xl2nLBD9HTk
Amazarashi - Play Goodbye,5obVmZO4VwQ
Amazarashi - Sora Ni Utaeba,MUGYErw8QU0
Amazarashi - kyoukaisen,Sdy5fSHz6t4
Angel Beats - Girls Dead Monster - Alchemy,jQ7fkobjpDs
Angel Beats - Girls Dead Monster - Marina Nakamura - Crow Song,1akgOQLP6hM
Angel Beats - Girls Dead Monster - Rain Song,13EL6Mgeocc
Angel Beats - Ichiban no Takaramono (Yui),XQWWS8f6X9I
"Angel Beats - My Soul, Your Beats",al6Z7Z_fN-k
Anri - BOOGIE WOOGIE MAINLAND,k7esL3opuRM
Anri - CAT'S EYE,yiUuVRBaCy0
Anri - Driving My Love,3uXFSvMZIwQ
Anri - Good Bye Boogie Dance,YY5cXKjkQLc
Anri - Lady Sunshine,Pme_z3Rn9KA
Anri - Lady Sunshine,Pme_z3Rn9KA
Anri - Last Summer Whisper,MOOXO0ShopI
Anri - Remember Summer Days,3agC6do-624
Anri - SUMMER CANDLES,xQc12CpioEs
Anri - Shyness Boy,50qu96dvhH8
Anri - Surprise of Summer,YakERr1FXxA
Anri - WINDY SUMMER,4driqASPxqc
Anzenchitai - Kienai Yoru,WjCXJIqu6eY
Anzenchitai - Koi no Yokan,j2NN6z42z0U
Anzenchitai - Mayonakasugino Koi,_nVE_GP_PyE
Anzenchitai - Melody,fkBwXH6JLmA
Anzenchitai - Tsukini Nureta Futari,sKF_Spz2EHc
Anzenchitai - Wine Red No Kokoro,kdksI3--M_g
Aoharu - The Bravest Destiny,DBSPLQL8nAk
Aoi Teshima - Asu e no Tegami (Drama Version),Mohf-jt7-2Y
Aoi Teshima - Asu e no Tegami(Drama Version),Mohf-jt7-2Y
Aoi Teshima - Tadaima,uG1XLo2meGA
Arekun - それはまるで映画みたいな恋だった。,A8-NP7Kv-zI
Asaka - Natsuyume Noisy,symoNlVe_no
Atarayo - Summer haze,6rOy6zi8Rao
Atarayo - Haruru,SBJZxCpxXOE
Atarayo - 嘘つき,ZTFD0xv014c
Atarayo - 夏霞,6rOy6zi8Rao
Avicii - Hey Brother,OjpX8ILe2N4
Ayano Tsuji - Kaze Ni Naru,eQj3uvNP4Ew
Ayase - Shinezma,zxG4EqVJqYE
Ayase - シネマ,1yqae5g_hKc
Ayase - 夜撫でるメノウ,ynkMLraZBpA
Ayumu Imazu - BANDAGE,XWuI_NPjnqE
Ayumu Imazu - Superstar,s1jD21Cdh5E
B'z - いつかのメリクリスマス,FT8r_vbkrk0
BEYOND - 对面的女孩看过来,iTEM-C5-cFw
BEYOND - 海闊天空 (Sky),PUO36ew8LoE
BLUE ENCOUNT - Polaris,fMU6nclDzNs
BRADIO - Flyers,N4OW0x6oWE4
BRADIO - Golden Liar,Wi602AFG8zU
BUMP OF CHICKEN - Hello World (Kekkai Sensen OP),XPerYFKqk60
BUMP OF CHICKEN - SOUVENEIR,4DBnfKPbixs
BUMP OF CHICKEN - Tentaikansoku,M_Uz5SKGxs4
BUMP OF CHICKEN - アンサー,l8G6Hirforo
Babymetal - shingeki,WuvqsqPfg0Q
Back Number - 003,G_ifvcsfAWI
Back Number - Emerald,PYvjOqQEPKA
Back Number - Hanataba,4D2f3btQQcQ
Back Number - Happy End,Rq65VlRhvMs
Back Number - Koi,6cpByeN69EA
Back Number - Motto,aYmpJYGxL8w
Back Number - Nichiyoubi,Eg3xk4F9J3U
Back Number - Secret Kiss,YSPw1ONGjk4
Back Number - Setagaya Love Story,JBn_NEsmOEM
Back Number - Sister,l11hir4Cjm8
Back Number - Super Star Ni Nattara,T0jZGhaaYYk
Back Number - Takaneno Hanakosan,uDsEVMjwNb0
Back Number - Tegami,XzDf-5t6-Gk
Back Number - Watagashi,h2MiUPqhuUc
Back Number - 怪盗 - Phantom thief,rwkLzrK5GLA
Back Number - 瞬き,7_J24H4Ol6g
Back Number - 花束 - Hanataba,4D2f3btQQcQ
Blue E & orcist - Rookiez Is Punk'd - In My World,j-5F1QjPAkI
Blue E & orcist - UVERworld - Core Pride,Avs-yTQ53cI
Bocchi the Rock (Sick Hack) - ワタシダケユウレイ,ujjQ4TEb83k
Bocchi the Rock (kessoku band) - Blue Spring and Western Sky,BN1ofrqIl9I
Bocchi the Rock (kessoku band) - Bundle up your dreams / 夢を束ねて,10G-lFzexd0
"Bocchi the Rock (kessoku band) - Guitar, Loneliness and Blue Planet ギターと孤独と蒼い惑星",SDk1RA4g8CA
Bocchi the Rock (kessoku band) - Hitoribocchi Tokyo,MSnLgdQFk1c
Bocchi the Rock (kessoku band) - If I could be a constellation,-LwBbLa_Vhc
Bocchi the Rock (kessoku band) - Into the Light,omckrS77vDo
Bocchi the Rock (kessoku band) - Milky Way,LaZIDFaobMU
Bocchi the Rock (kessoku band) - Never Forget,8Selo-P1Ovc
Bocchi the Rock (kessoku band) - Re:Re:,PiIAVnFX2eo
"Bocchi the Rock (kessoku band) - Rockn Roll, Morning Light Falls On You",E5O0mCrUdAM
Bocchi the Rock (kessoku band) - That Band,q-bCp4MxuYU
Bocchi the Rock (kessoku band) - UNITE,FnhedPLxksQ
Bocchi the Rock (kessoku band) - Distortion!!,5RSHNMkKGLs
Bocchi the Rock (kessoku band) - KaraKara,IwHwv-lcxi4
Bocchi the Rock (kessoku band) - What Is Wrong With Me,BVvcQ4ge8Ow
Bocchi the Rock (kessoku band) - Seisyun Complex,7FDRQifEMUQ
Bocchi the Rock YAHO - Watashi Dake Yuerei ワタシダケユウレイ,IsITqCKyGmo
Boo Boo's Birthday (Take 11) - Thelonious Monk (瑟隆尼亞斯孟克) - Underground (Special Edition),ln4seZiYUJQ
Bradio - Golden Liar,Wi602AFG8zU
Brandy Senki - Coming-of-age Story,ZfpHBdUhfPM
Brandy - Coming-of-age Story,ZfpHBdUhfPM
Brandy - Musica,gUEk7NlAhe4
Bruno Mars - Just The Way You Are,GnUW4AF1LZo
Bubbly Summer - 202 (ft. Izumi Makura),b0BeTk25RSU
Bungo Stray Dogs (SCREEN mode) - Reason Living,fi5FbYp_9wM
Bungo Stray Dogs - ラックライフ - 名前を呼ぶよ,y8bRrsQ7Sd0
CHiCO with HoneyWorks - 世界は恋に落ちている,PwzmIDwbpc8
Carl Douglas - Kung Fu Fighting,it3E6vtExSE
Charlotte ED - Aoi Tada - 灼け落ちない翼,2kBD6ZueXNo
Charlotte OP - Lia - Bravely You,oDdysk3bDdw
Chevon - サクラループ,iQIZmtaxZAM
Chiai Fujikawa - Aino Uta,zzFapn42VAo
Chiai Fujikawa - Atashiga Tonarini Iru Uchini,22T4Ij8FyAw
Chiai Fujikawa - オレンジ,e85aaYjc9RQ
Chihiro - 月光 / Gekkou,2hFq9-xqaSs
Chris Hart - I Love You,uB0Y_v9gU0I
Chris Hart - Love Story Wa Totsuzenni,8BhjuX2QL9M
Cindy - Watashitachi o Shinjite Ite,Nr-WemEPw48
ClariS - ALIVE,2h-rVO85XBg
ClariS - Connect / コネクト,A8CbP6Pjqko
ClariS - Koisekai,0Uetw5zJwog
Cody - Dancing Lights,LmVcqQsYNEM
Cody - おどる ひかり,pRo4oXEgk4g
Cody - 我愛你,pRo4oXEgk4g
Cowboy Bebop - Seatbelts - Tank!,UFFa0QoHWvE
Creedence Clearwater Revival - Bad Moon Rising,tKJwvQfraY8
Creedence Clearwater Revival - Fortunate Son,r5NzAksjfDI
Creedence Clearwater Revival - Have You Ever Seen The Rain,Xwy-3aI435o
Creepy Nuts - Baka Majime,sLICdeylDpE
Creepy Nuts - Daten,SpgK_2j-h0I
Creepy Nuts - Losstime,O6WjVGEVbNc
Creepy Nuts - Yofukashi no Uta,zArhnXbh3Yc
Crepuscule With Nellie - Thelonious Monk (瑟隆尼亞斯孟克) - Criss-Cross,7Dv-vjKbPVI
Cyberpunk: Edge Runners - I Really Wanna Stay At Your House,Rbgw_rduQpM
DA PUMP - U.S.A.,RjDEFe8dw0A
DAOKO - 花火 Fireworks,yuTesDwv6uA
DAZBEE - 踊り子 Odoriko,vsKrMHlBA9E
DISH - Neko / 猫,l1ky3XPBdBE
DOES - DOES 『「修羅」（テレビ東京系アニメ「銀魂」エンディングテーマ）』,I1VTvbGgPPQ
DOES - 曇天 - A Cloudy Sky,hMvxP9tM0wM
Darker than Black - Tsukiakari no Michishirube / ツキアカリのミチシルベ,sSLtqAr32rA
Darling in the Fran & & - Nakashima Mika - Kiss of Death,N0ixzrZe--0
Delutaya - KOKORO RAIN_STOP,yc2ROzr3GX0
Delutaya - SUMMERTIME RECORD,hrgDslQL7Uo
Diana Boncheva - Beethoven Virus,KQgjHRwMPZQ
Digimon OP - Butterfly,buofh3kKowo
Dish - NEKO,l1ky3XPBdBE
Dramaturgy - Eve,dEfl-ObuapA
Edomae Elf OP (Cody Lee) - Odoru Hikari,-6-cqvwpYUM
Eir Aoi - アイリス - Iris,mmeDg1gtj1Y
Eri - ふゆびより,lXOLSJqEc5Y
"Etsuko Yakushimaru - Boys, come back to me 少年よ我に帰れ",9liVljr-1cs
Evangelion - 残酷な天使のテーゼ,xyVatKhd4s4
Eve (Jujutsu Kaisen) - 廻廻奇譚 Kaikai Kitan,isY3rtuSsK8
Eve - Ao No Waltz (蒼のワルツ),_0esc9Pab5k
Eve - Ao No Waltz (蒼のワルツ),_0esc9Pab5k
Eve - Boukenroku,G45Bv8fnEDQ
Eve - Heikousen,nW_aQ572geU
Eve - Tokyo Ghetto /トーキョーゲットー,MMjs2jYDEjA
Eve - あの娘シークレット,dMgdpPdR2K0
Eve - お気に召すまま As You Like It,UM8-yjDOTSI
Eve - 心海/ Sea of heart,VR7XSvW_9gA
Eve - いかないで/ Ikanaide,OC7Q2BnIyEs
Eve - 太陽系デスコ/ Solar Disco,ONU1Rt9pclg
Eve - Best of Eve playlist 2021,isY3rtuSsK8
Eye - ドメスティック・ドラスティック,uaLB4t-_qZM
Fire Force - Mrs. GREEN APPLE - インフェルノ Inferno,wNjvuRZtQeI
Fujii Kaze - Damn,b-ll2MY1YsY
Fujii Kaze - Garden / ガーデン,53rIic2lvKc
Fujii Kaze - Hana,rY3JFD52ipk
Fujii Kaze - Kirari,IFCDLIKSArs
Fujii Kaze - Lonely Rhapsody,I3oUsW9bXvQ
Fujii Kaze - Matsuri,HMqhXxH5-RQ
Fujii Kaze - Nan-Nan,V8KLgLrU280
Fujii Kaze - Shinunoga E-wa 死ぬのがいいわ,3zh9Wb1KuW8
Fujii Kaze - Workin' Hard,i8rmk5WwVdc
Fujita Maiko - ねぇ,WAj_v2rU47I
Fujita Maiko - 駆け引き,fcI_aHkMMsI
Full Metal Alchemist - SUKIMASWITCH - Golden Time Rubber,rJpTk508uxA
Full Metal Alchemist - メッリサ,aPWqr60gycI
GRANRODEO - Can Do,74nQhJzUZec
GRANRODEO - The Other self,Mq43_iitMAQ
GRANRODEO - 変幻自在のマジカルスター,9sHP1-EBQqg
GReeeeN - キセキ,tO5KPGgwb-I
Galileo Galilei - Aoi Shiori 青い栞,rhQBXoaTLx0
Garnet Crow - Kimi to Iu Hikaru,_qYw80m274E
Gekkan Shoujo Nozaki-kun OP - Kimi ja Nakya Dame Mitai,_NbjKXEbde4
Gintama - Serial Tv Drama - Tougenkyou Alien,OXJF1SvYeck
Gintama - The Rodeo Carburettor - Speed of Flow,QOJQzzqlBNw
Gintama - redballoon - Yuki No Tsubasa,lDUP5dSc5PU
Gintama - Captain Straydum - Fuusen Gamu,bIWYc8clheM
Gintama - plingmin - This world is Yours,aP1JK8H9fn4
"Gintama - ghostnote - I, Ai, Ai",zKsiLU0JHxU
Gintama - Shigi - Kagayaita,Hdc4bAGnCZ8
Gintama - PENGUIN - Asa ANSWER,AlGK3DiQ24w
Gintama - Qwai - Sayonara no Sora,fAqpkRQHZ3A
Gintama - SPYAIR - Samurai Heart (Some Like It Hot!),w2pqTCaieFk
Gintama - Prague - Balance Doll,Q2xsHg4FXPA
Gintama - Kuroneko Chelsea - Anagura,0GH3d93Etg8
Gintama - Kuroneko Chelsea - Anaguraimei,0GH3d93Etg8
Gintama - Good Coming - Nakama,pEgdgm0HhUs
Gintama - monobright - Moonwalk,chwkeZl5j04
Gintama - PAGE - Expect,2nsz9IsmpbE
Gintama - Negoto - DESTINY,XGqT9OgWOTo
Gintama - THREE LIGHTS DOWN KINGS - Glorious Days,WEoZSH_gp20
Gintama - Swimy - Acchi Muite,NjdfjjvY_yM
Gintama - RIZE - Silver,gd90Ipw6HGw
Gintama - Ayumikurikamaki - Hankou Se,RCsxu8-l0Hs
Gintama - Ayumikurikamaki - Hankou Seimei,RCsxu8-l0Hs
Gintama - BURNOUT SYNDROMES - Hana Ichi Monme,m_LrvKEXaJ4
Gintama - redballoon - Yuki no Tsubasa,lDUP5dSc5PU
Gintama - CHiCO with HoneyWorks - Hikari Shoumeiron,FYyX62RMEWQ
Gintama - Takahashi Hitomi - Candy Line,upmlpt3nXCs
Gintama - DOES - Shuura,I1VTvbGgPPQ
Gintama - Snowkel - Kiseki,vdWNziN20rQ
Gintama - KELUN - SIGNAL,T-41IFG9Bus
Gintama - THE RODEO CARBURETTOR - Speed of Flow,QOJQzzqlBNw
Gintama - POSSIBILITY - sanagi,GCNw9tR1CK4
Gintama - Tommy heavenly6 - Pray,q6rj0VSGHwg
Gintama - ecosystem - Dilemma,LPH8Ts3MpYc
Gintama - AMOYAMO - LET’S GO OUT,mLVh8T-aqxI
Gintama - SPYAIR - Sakura Mitsutsuki,ozPtL1R6mZ8
Gintama - BLUE ENCOUNT - DAYxDAY,RzgLJ1jgL1k
Gintama - OKAMOTO'S - Beautiful Days,7OCM67CQt5g
Gintama - DOES - Know Know Know,k1Ey101ysL0
Gintama - ЯeaL - Kagerou,Zm-O4gxlZ8k
Gintama - BLUE ENCOUNT,AP18JxCP-b0
Gintama - BLUE ENCOUNT - VS,AP18JxCP-b0
Gintama - YO-KING - Tooi Nioi,WsNCNandECs
Gintama - DISH// - Katte ni MY SOUL,Y2p3ROEijNQ
Gintama - SPYAIR - I Wanna Be,AGne7i4gwZI
Gintama - redballoon - Giniro no Sora,3FIL4aRi6FE
Gintama - Hearts Grow - Kasanaru Kage,qJVutKJbE8o
Gintama - DOES - Donten,_aSqhkzHtpE
Gintama - monobright - Anata MAGIC,YLK0DQWOYsA
Gintama - Base Ball Bear - Stairway Generation,u0JzW_Or9v0
Gintama - Prague - Light Infection,2qbE3cFRxTw
Gintama - Serial TV drama - Togenkyo Alien,OXJF1SvYeck
Girl_dm - I really want to stay at your house,g9Vepg0qmug
Glim Spanky - 真夏の夜の夢 - A Midsummer Night's Dream,K1xKva2CDmc
Goose House - Hikaru Nara,c6rCRy6SrtU
Gosick OP (Shoujy) - ディスティン・イストワール,BHAWkYMJwGk
Gosick OP (yoshiki*lisa) - Destin Histoire ディスティン・イストワール,BHAWkYMJwGk
Guilty Crown - supercell - My Dearest,WmZQFfypvhg
Guilty Crown ED (EGOIST) - Departures Blessing,29Nk3dnMUCA
Guilty Crown ED - Departures Blessing,29Nk3dnMUCA
Guilty Crown OP - The Everlasting Guilty Crown,-p0IjnBhG10
HACHI - Fiction,FTPKbnJazv4
HIDEHARU - Proposal,YYExLMomQbI
"HIRAIDAI - Stand By Me, Stand By You",dyViAmKFK38
HIRAIDAI - Todokanaikara,GcxJkvjCXkI
HOWL BE QUIET - fantasia,igvPzcqNFyY
Hanatan - Tell Your World,4n94ukt15qg
Hanazawa Kana - I Wonder Why なぜだろう,Dld5CXwY0v0
"Haruhi Suzumiya ED - Aya Hirano, Minori Chihara and Yūko Gotō - ハレ晴レユカイ",4noJt3fKXVE
Harumaki Gohan - Reunion,5XITUOVETF8
Heart Forecast - Eve,hia-Q570uZA
Hello Sleepwalkers - 午夜の待ち合わせ,M8w716ZKYY0
Hideaki Tokunaga - Koibito,oQ2vgVB1OqQ
Hideaki Tokunaga - Saigo No Iiwake,3CJNIDVGZwQ
Hideaki Tokunaga - Yasashii Kiss O Shite,WReNbj4u_8M
Hikaru Utada - BADモード,bUmnh3omeE4
Hikaru Utada - One Last Kiss,GYeOVn0PhSk
Hikaru no Go - Bokura no Bouken,v5JjlzWbkNQ
Hikaru no Go - Kokoro,Uuv1dEiNTrw
Hikaru no Go - Majiwaru Michi,7LjQiqU_o3c
Hikaru no Go - Shukuteki,giSeMYnIDHc
Hikaru no Go - Tomadoi,w58-a_69rMY
Hiromi Iwasaki - Street Dancer,RO1BvdmJYBY
Hitomi Shimatani - ANGELUS,h6-XLhX9S0c
Hitomi Takahashi - Candy Line,upmlpt3nXCs
Hitsujibungaku - more than words,-sZ3vZ0RiMk
Hizuki Yui - DAYBREAK FRONTLINE,upRt9_dvixQ
期生 - ray,9khpyvTIBBc
AZKI - いのち (2024 ver.),xnvX7jQNQoY
Aqua & Towa & Suisei - 快晴,EgQ8MIr0K3o
Ayame - 宵の余、良い,uQR_JZpYAEU
Ayame - グッバイ宣言,cPzSJiGR6aA
Baelz - Mind Craft,-FLiBqQMHWk
Baelz - Ride,_hEzJPgdF5Q
Baelz - 好きだから / Suki Dakara,jlZJcx2Ighc
Baelz - 好きだから / Suki Dakara,jlZJcx2Ighc
Calli & Kobo - Midnight Mayoi,HEkztuWtc5M
Calli & Suisei - GETCHA!,kq7olJEAQ2M
Calli - End of a life,JkR9vPsPXiE
Calli - 世界のつづき,3ZJQ041XKig
Calli - 世界のつづき,3ZJQ041XKig
Calliope Mori - End of a life,JkR9vPsPXiE
Calliope Mori - 世界のつづき,3ZJQ041XKig
Calliope - End of a life,JkR9vPsPXiE
Calliope - 世界のつづき,3ZJQ041XKig
DEV_IS - ないものねだり,238MbdZ7szk
Delutaya - KOKORO RAIN_STOP,yc2ROzr3GX0
English - Breaking Dimensions,fi7BsaRy8aY
Fubuki - コールボーイ,-Um0-cSiMTA
Fubuki - 鬼の宴,LqORo58AIlo
Gawr Gura - Kyoufuu All Back,0dFEjUg0nss
Gawr Gura - When I'm Gone,0Md0E5icspA
Gawr Gura - Morning Glory,6fet5_bMVIc
Gura - Kyoufuu All Back,hUmfOCeyyik
Gura - When I'm Gone,NR_B8KIIjpY
Gura - Morning Glory,6fet5_bMVIc
Gura - Morning Glory,6fet5_bMVIc
Gura - When I'm Gone,NR_B8KIIjpY
Hajime - todorokihajime_ED,AZy1Ph_cPPA
Hajime - BANDAGE,XWuI_NPjnqE
Hajime - 踊り子,CnlMTBwsBHs
Hakos Baelz - Mind Craft,-FLiBqQMHWk
Hakos - 好きだから / Suki Dakara,jlZJcx2Ighc
HoloAdvent - Rebellion,NebZKgJ_vG8
Hoshimachi Suisei - マーシャル・マキシマイザー,_iNTHDSRQvM
IRyS - Caesura of Despair,dxGhBo0J_Qs
IRyS - Gravity,HMeQT3FLJ3k
IRyS - HERE COMES HOPE,xGH-6CaG8HI
IRyS - Till the end of me,8T-0oKwmsXM
IRyS - いのち,umgLBDEuE7w
Ina & Nabi - kimi no toriko summertime,nRhItTdeMKI
Ina - VIOLET,LWT0XF6PgMA
Ina - おどれ！VRダンス！,9cOltK14h54
Ina - 群青/Gunjou,dGZqpVCJP3k
Ina & Nabi - kimi no toriko summertime,nRhItTdeMKI
Kanade - Departures あなたにおくるアイの歌,5QHYaXSbjes
Kanade - セプテンバーさん,GNYdh5k2VDk
Kanade - 奏,gDl2LCrO-YU
Kanade - 快晴,gDl2LCrO-YU
Kanata & Nene - 至上主義アドトラック,32b9lqy7vJ0
Kanata & Suisei - 月陽-ツキアカリ,nDzxhLlO2Yo
Kanata & Nene - 至上主義アドトラック,32b9lqy7vJ0
Kanata & Suisei - 月陽-ツキアカリ,nDzxhLlO2Yo
Kiara & Ina - い〜やい〜やい〜や Whatever whatever whatever,792Zkc867Zo
Kiara & Ina - い〜やい〜やい〜や Whatever whatever whatever,792Zkc867Zo
Kiara & Ina - い〜やい〜やい〜や Whatever whatever whatever,792Zkc867Zo
Kobo - HELP!!,z2tDtdHHAHg
Kobo - HELP!!,z2tDtdHHAHg
Kobo - Overdose,z2tDtdHHAHg
Kobo - Entah...,TxIMoD_bJCE
Kronii - Fly Me To The Moon,ZEcqHA7dbwM
Marine & Kobo - Overdose,bQgjWLRIT0w
Marine - オトナブルー,ur3KtkN4o0k
MiComet - Sugar Rush シュガーラッシュ,8k9KHc_SVQU
MiComet - アイドル,lZggN7fUES8
Mika Melatika - 寄り酔い Tipsy,o1HxeJYKwlQ
Miko & Suisei - Sugar Rush シュガーラッシュ,8k9KHc_SVQU
Miko & Suisei - アイドル,8k9KHc_SVQU
Mio - Shoushin Ryokou 小心旅行,fyjXxf6QZzM
Moona Hoshinova - High Tide,fDJ_2blPVWc
Moona Hoshinova - Perisai Jitu,eiAmlMPPvWg
Moona & Suisei - Saikai,_O-8rvOzrOA
Moona - High Tide,fDJ_2blPVWc
Moona - Perisai Jitu,eiAmlMPPvWg
Moona - Taut Hati,XawCyDAz0Ic
Moona & Suisei - Saikai,_O-8rvOzrOA
Mori - GETCHA!,MLEYrR_fI1M
Nerissa - Say My Name,O_NrA5C_Ps0
Nerissa - 雪の華,7wmC_xX_JJU
NoPeLaBo - BLUE CLAPPER,oGzm_jeaAuw
Okayu & Korone - Fuwa Fuwa Time ふわふわ時間,I0xRbWqIohQ
Okayu & Korone - If...,MWb_OkT6XZk
Okayu - 彗星ハネムーン,CcAWrFw7PB8
Okayu - 惑星ループ,Qg9lY1BN8bU
Okayu - 毒杯スワロウ,D2HxfCB9Hhk
Okayu - さよならテンダー,yl5OEYa4rh4
Okayu & Korone - Fuwa Fuwa Time ふわふわ時間,I0xRbWqIohQ
Okayu & Korone - If...,MWb_OkT6XZk
Pavolia - シニカルナイトプラン (Cynical Night Plan),WzqWpMW8Vww
Raora - ECHO,mQFokUq9LYs
ReGLOSS - Shunkan Heartbeat,Tmz_tUFQH1Q
ReGLOSS - feelingradation / フィーリングラデーション,c2l-N3FhjIg
ReGLOSS - 夜咄ディセイブ/歌ってみた【轟はじめ/ReGLOSS】,Jz8QLag_unU
ReGLOSS - 星座になれたら / 結束バンド covered by ReGLOSS 【歌ってみた / hololive DEV_IS】,Jz8QLag_unU
ReGLOSS - 泡沫メイビー,soaLp1NvqRA
ReGLOSS - Friday Night フライデー・ナイト,arJGYcafekE
ReGLOSS - Sunny 晴る,mUSVav9pKO4
ReGLOSS - ないものねだり,cj3Q_bh_UTQ
Roboco - リルビ,ZZicQGI-wMk
Rushia - Ghost in a Flower,qaOPHnbaBdM
Rushia - Goodbye Sengen,cgee89OrbSg
Sakura Miko - 強風オールバック,hUmfOCeyyik
Shion - メイジ・オブ・ヴァイオレット,z0JaDmwLnMU
Shion - Overdose,eYKGvQZmHU8
Shion & Gura - 白金ディスコ,qq6eRszetWY
Shiori - Kyoufuu All Back 強風オールバック,EGxEKCHDAFE
Sora - 好き、泣いちゃいそう,ENcxaslU0ws
Sora & Suisei & Subaru & Polka & Koyori & Chloe - 怪物,fovL5SGcn1c
Startend - アスノヨゾラ哨戒班,I6c9_Yc5Q_s
Suisei - GET THE CROWN,Tkx4HOLIrEM
Suisei - XION,srUcseutCmk
Suisei - ビビデバ - BIBBIDIBA,x44TdvQ1OJs
Suisei - 灼熱にて純情(wii-wii-woo),_pluY2_Tw_w
Suisei - 青のすみか,oiK4JYjvnxY
Suisei - Cry Baby,tty54CzXZDg
Suisei - XION,srUcseutCmk
Suisei - 少女レイ,b6abJ4NlzsE
Suisei - 幽霊東京,8V60iuudILY
Suisei - 彗星ハネムーン,CcAWrFw7PB8
Suisei & 3rd Gen - Saga Jihen,pl_rv_KofOw
Towa - FACT,CupxdwBkk88
Towa - インテグラル / Startend (cover),QcirYOuivdQ
Towa - ライメイ,UH99rkFAgcc
Towa - Palette,0Ylz-SVFQE0
Towa - 晩餐歌,p1tsL0YmNqU
Towa & Aki - Rose of the lamp,Qa6jbXMLf6w
Towa & Kanata & Flare - STARDUST SONG,ShjZXaU25Ek
miComet - アイドル,lZggN7fUES8
猫又おかゆ - ねむるまち,V_iQu-Q7xBc
黒上フブキ - 鬼の宴,LqORo58AIlo
Hololive - 青春アーカイブ,3R0gZ32p9tw
Hololive DEV_IS - スターマイン / Da-iCE,hTnpGG4B5HI
HoneyComeBear - 走馬灯 / Somato,-Ew79VX1f2M
HoneyComeBear - 走馬灯 / Soumatou,-Ew79VX1f2M
HoneyWorks - ファンサ,AFUVw-b_Wyc
Hoshimachi Suisei - Planetarium,CfUIwzDo4HE
Hoshino Gen - Koi,KMdTrqzEI0I
Hoshino Gen - Pop Virus,8PbGeKwEnK0
Hoshino Gen - SUN,JvWuSu1bRIY
Hoshino Gen - 喜劇 Comedy,URR_Nv-6MZs
Ikimonogakari - Koiuta,68tcQWLP7ho
Ikimonogakari - Sakura,wvcCyj1nKto
Ikimonogakari - Sentimental Boyfriend,jN5OSU2kRrY
Ikimonogakari - Shiroi Diary,cf2nydgB38U
Imase - Have a nice day,0FF2Igmw24s
Imase - I say bye,6u75HhtZ2i0
Imase - Nagisa,Att3ku0grME
Imase - Night Dancer,0t0HtFYjcU8
Imase - 僕らだ,y6N5NYWYB28
"In Walked Bud - Live At The Five Spot / August 7, 1958 - Thelonious Monk (瑟隆尼亞斯孟克) - Misterioso",e11FeU9E0yg
Initial D - Crazy for Love,WK5FHDTm6LI
Initial D - Deja Vu,2aeICPCF-nI
Initial D - Running in the 90s,_Fxil2QY0wE
Joe Hisaishi (Castle in the Sky) - Kimi wo Nosete 君をのせて,Ld02uYVAW18
Joe Inoue - CLOSER,mguVfQmYPu0
Joint Beauty - 東京Friday Night (feat. Kana Hanazawa & Mori Calliope),_YCmpxJA7bY
Jojo - Coda - BLOODY STREAM,uz9NT98_ulk
Jojo - Sono Chi no Sadame,_N_Uqd7JBcM
Jojo - Yugo Kanno - il vento d'oro,U0TXIXTzJEY
Jun Maeda - Tori no Uta,7mZlRSAUSsU
Jun Maeda - Dango Daikazoku,DZXM7e6NrIU
Junko Ohashi - Sweet Love,EmFxfCvkUmU
Junko Ohashi - Telephone Number,PJe5-e3IJ3w
Junko Yagami - 黄昏のBAY CITY,QLHMhVonF-s
K-On - Cagayake Girls,ua02dloykJ4
"K-On - Don't Say ""Lazy""",5CSNv9MNEC4
K-On - Fuwa Fuwa Time,I0xRbWqIohQ
K-On - My Love is a Stapler,nq5xZfYm0oo
KANA-BOON - Nandemonedari,pn3TXTQfFhU
KANA-BOON - Silhouette,zqKrpw36xnU
KANKAN - suima,zhiSH9H0Eag
KANKAN - 睡魔,zhiSH9H0Eag
KOBUKURO - Kimi To Iu Nano Tsubasa 君という名の翼,RIaULvA2qdM
KOBUKURO - Tsubomi 蕾,JUYL2Ph0w-0
KOBUKURO - akaiito (Album Mix) / 赤い糸(Album mix),7vuRvc6909s
KOKIA - 本当の音,O7ejLwTziqc
Kairi Yagi - know me...,hC_j_fejk1U
Kamisama Hajimemashita OP - Toshokan Hanae,x1GdqHIowmI
Kana Hanazawa - Renai Circulation 恋愛サーキュレーション,F8xpmTmdf6o
Kanaria ver. - King,JWT8vQ0PUIE
Kano - Yoake to Hotaru,PS63tFpugdI
Kazumasa Oda - Love Story Wa Totsuzenni,sZxzPcT1Meg
Kenshi Yonezu - Flamingo,CVe_AuaoQJk
Kenshi Yonezu - Tsuki Wo Miteita - Moongazing,-1pj9t2RqrI
Kenshi Yonezu - ピースサイン,EJAEzPwcQPs
Kie Kitano - Hazakura 葉桜,kQfqxMtF-GM
Kill Me Baby - ふたりのきもちのほんとのひみつ,4qeLoN_uFfc
Kimi - Tomofumi Tanizawa 智文谷澤 Voice Cast version (Kanji/Rom/Eng),ojhMdqpKTnA
King Gnu - Ame Sansan,XOaSFj7Q6HY
Kingmin Kun - MR.CLEVER,Td2DiWiPssU
Kiro Akiyama - Caffeine,1D5sm82yaFY
Kitri - Hikare Inochi,AgCfuE_IfrI
Kitri - ヒカレイノチ,AgCfuE_IfrI
Kobakuro - Kimi To Iu Nano Tsubasa 君という名の翼,5f-0yCU0GS8
Kobakuro - Tsubomi 蕾,JUYL2Ph0w-0
Kobasolo & Lefty Hand Cream - No.1,nhXk5cS98us
Kohmi Hirose - promise,iJ4f2UfLyoU
Kohmi Hirose - ゲレンデがとけるほど恋したい,22HcmDddONo
Kohmi Hirose - ゲレンデがとけるほど恋したい（WHAT AN EXCITING MIX！）,bdt2cTEWTLU
Konosuba ED - Chiisana Boukensha,YyZnZ6KpKpU
Konosuba Move: Kurenai Densetsu OP - Machico - 1 Milli Symphony,98MMkUTOPk0
Konosuba Movie: Kurenai Densetsu OP - Machico - 1 Milli Symphony,98MMkUTOPk0
Kotaro Oshio - Time of Cherry Blossoms,uDEaEArMrJ4
Kotaro Oshio - Twilight,jtRmMEF04Yo
Kousuke Atari - Natsuyuusora,mjmxrKoUq_g
Kray - Asu no Yozora Shoukaihan,UaS-OxS-IuY
Kuroko - Start it right away,4udc1AYqLLA
Kuroko no Basket S2E2 - Fantastic Tune,74nQhJzUZec
Kyo Hanabasami - Daisy,ade1Z0s2-Fs
Kyo Hanabasami - Starry,XdYPdQcXz6E
LET ME KNOW - Ai to Highball / 偽愛とハイボール,ilbnta471cI
LiSA - Akeboshi,Fvo5aRENJjk
LiSA - Catch the Moment,GWysc_zFTIA
LiSA - Oath Sign,mUDhgvxYXGc
LiSA - Shirogane,_zSab_RnNDA
LiSA - Shirushi,M6_7CyDVdPM
LiSA - 紅蓮華,TqyfmFaZlqw
LiSA and Uru - Saikai,pm9JyMiAU6A
Lia - 一番の宝物,XQWWS8f6X9I
Ling Tosite Sigure (Tokyo Ghoul) - Unravel,mtawrvojDyU
Ling Tosite Sigure - Abnormalize,4jzKaFI8W_s
Ling Tosite Sigure - Enigmatic Feeling,sJggzM90uBI
Linked Horizon - Guren No Yumiya (Attack on Titan),2B6nj38AdD0
Linked Horizon - Shinzou wo Sasageyo (Attack on Titan),8QPyFlJNmus
Love Live - Snow Halation,OzGVz1ClxIc
Lucia - さよなら、僕のヒーロー - 傘村トータ,KZ1rJtsbYQg
Luck Life - Kiseki,O404U7F7Ofk
Luck Life - Lily,ck6_qDXkSwI
Lyolite - リオライト,B94v3uciudY
MIMiNARI - Nemurenai (feat. Tomori Kusunoki),vdJn2OERPNg
MINMI - 四季ノ唄,UQbcyOxqDFw
MUCC - Nirvana / ニルヴァーナ,FKQTlSadAqM
Macross - いけないボーダーライン,6HYHdkEYdQE
Mafumafu - ヴァンパイア,LzwAnMLnwS4
Mahou - Connect,A8CbP6Pjqko
Masaharu Fukuyama - Kazokuninarouyo,aMbVtdHyH_0
Masaharu Fukuyama - Sakurazaka,X8xc1FjTeww
Masaharu - Hatsukoi,6ZGW5un582A
Masaharu - Saiai 最愛,ohJrfXQhWrM
Masaki Suda - Hoshi wo aogu,h4r0j-6m8BY
Masaki Suda - Kokyu,sfYKUVQ7JQM
Masaki Suda - Madou Ito,InOZDm16qYM
Masaki Suda - Madou Ito 惑う糸,InOZDm16qYM
Masaki Suda - Rurou no Katashiro,qTtroZUbS6Y
Masaki Suda - Sayonara Elegy,qT2ZeIWhcno
Masaki Suda - ロングホープ・フィリア,1C7diIYRVMk
Masaki - Machigaisagashi,pdvnR6cmI5U
Masayoshi Yamazaki - Ajisai,Z8YGxphifQs
"Masayoshi Yamazaki - One More Time, One More Chance",GgDLuuiKVPs
"Masayoshi - One More Time,One More Chance",cFtAEFCSxzg
Matsuri - Anata ga inakutemo,YJr44gibgO8
Meiko Nakahara - Fantasy,CMZRJb1jxzE
Meiko Nakahara - Fantasy (1982),CMZRJb1jxzE
Memai - 偽物の宴,Zc52Kh-LyZg
Meychan - Yomaigoto,lro2hqiprpQ
Midnight Grand Orchestra - Midnight Mission,8iZ7Vn21PQA
Miki Matsubara - Stay With Me,BBj3SCImk_A
Miki Matsubara - 真夜中のドア〜Stay With Me+,BBj3SCImk_A
Miori Celesta - Stay with Me,Quf53C4rSow
Miori Celesta - Vampire ヴァンパイア,THwIJnVavbg
Miori Celesta - ヴァンパイア,AQGszWQ4VCo
Mirage Dive - ray,qMT7-V6mlD0
Mirage dive - ray,qMT7-V6mlD0
Mosawo - ぎゅっと,4bH7kHZJHzY
Mosawo - Koiiro,eP1gxOuHLmA
Motohiro Hata - Himawari No Yakusoku,TlU6y5niWHY
Mr. Children - Hanabi,tWk9HfeYX20
Mr. Children - Innocent World,jZzk_nc2i5E
Mr. Children - Shirushi,Fjy8P7UmKN0
Mr. Children - 名もなき詩,Wl8z78nAK5o
Ms. OOJA - Baby Dont Know Why,IzH6JAM_MIo
Ms.OOJA - 真夜中のドア／Stay With Me,2DnXdg35EbU
Nachoneko - てねてね,-l1pfKzrlM8
Nanawoakari - Kien Romance 奇縁ロマンス,9GGDbVHz3yU
Natori - Friday Night,_HOvT1l-5xw
Natori - Overdose,dtN5DJ9Gvh4
Natori - Zettai Reido,Fyos7dBZT5E
Natori - fool's table,rz9AHdaZ9UI
Natori - 猿芝居 sarushibai,4Hmtz7xhOBQ
Natori - 猿芝居 sarushibai,4Hmtz7xhOBQ
Nightcore - Take A Hint (feat. Elizabeth Gillies & Victoria Justice),z_F_Eq2Q_OU
Nijisanji (Ange) - Overdose,Nvi3pUtSd5E
Nijisanji (Elira Pendora) - Shoujo Rei,mknbLZHXta8
Nijisanji (Elira) - Shoujo Rei,yIKg_ffILwk
Nijisanji (Enna Alouette) - Love Space,zxgFBLadcEA
Nijisanji (Enna) - Love Space,zxgFBLadcEA
Nijisanji (Inui Toko) - 気まぐれロマンティック,1boL5rnvJdk
Nijisanji (Inui Toko) - 青春コンプレックス,OCzZPbAhiro
Nijisanji (Inui) - 気まぐれロマンティック,1boL5rnvJdk
Nijisanji (Inui) - 青春コンプレックス,OCzZPbAhiro
Nijisanji (LazuLight) - Diamond City Lights,MWKw-heslkQ
Nijisanji (LazuLight) - Virtual to LIVE,_G6kcpRxaio
Nijisanji (Mika Melatika) - 寄り酔い Tipsy,o1HxeJYKwlQ
Nijisanji (Millie Parfait) - Sana Aku Na Lang,AVQ6Z0CebBU
Nijisanji (Millie) - Sana Aku Na Lang,AVQ6Z0CebBU
Nijisanji (Pomu Rainpuff) - Ikanaide,h1dp9kVKe4M
Nijisanji (Pomu) - Ikanaide,XBcLOTIQ9s4
Nijisanji (Ryushen) - Jokes,NAV_4SzUSTY
Nijisanji (Toko Inui) - らしさ,yeav3eDN6wI
Nijisanji (Toko Inui) - 晴る,qjDfW_NA_Xo
Nijisanji (Toko) - 青春コンプレックス,7FDRQifEMUQ
Nijisanji - 一度だけの恋なら,qHSihFKF5UE
Nishino Kana - Wishing,JggfoYT3kII
No Game No Life (Ai Kayano) - Oracion,geV3gLpL0mM
No Game No Life (Konomi Suzuki) - This Game,kJ04dMmimn8
Noragami - THE ORAL CIGARETTES - Kyoran Hey Kids,IHaUGQVrBa8
Nqrse - ジオラマ,hmktpoMrA5Y
Official髭男dism - Cry Baby,tty54CzXZDg
Official髭男dism - Stand By You,4-j0NNObEP8
Official髭男dism - イエスタデイ,xtFAmapbTbY
Official髭男dism - 宿命,NGDi89A5FcU
Orangestar - DAYBREAK FRONTLINE (feat. IA),6Io5B6_j7K4
Orangestar - Surges,eyv9jO6kTkY
Orangestar - Surges (feat. 夏背 & ルワン) / カロリーメイト,eyv9jO6kTkY
OreGairu - Bright Generation,N_XZm7kIm5M
OreGairu - Rock You!!,Ol9ypUiK6xE
OreGairu - Hello Alone,QdpUhlgfW7k
OreGairu - Everyday World エブリデイワールド,cQYVMq99PR8
OreGairu - Crescendo To You 君にクレッシェンド,ExLqXrD-Rs8
OreGairu - Diamond no Jundo ダイアモンドの純度,vgxQHeDv1bg
OreGairu - 君とMerry Christmas,sMf4FZtylgw
OreGairu - 雪解けに咲いた花,3x8rWEXgW9E
OreGairu - いつか君が大人になるまで,jYXdh04tiHg
OreGairu - 泣いてなんかない｡～煙草が目に､､､～,FxlV5BSK76Q
OreGairu - If You Want Real 本物が欲しければ,OBYgQlZAUKU
Overdose - Houshou Marine (宝鐘マリン) ft. Kobo Kanaeru (こぼ・かなえる) - (なとり) #宝鐘マリン生誕祭2024,bQgjWLRIT0w
PSYQUI - センチメンタルハートボーイ(ft. Such),WYbkrZdEkfE
Phase Connect (Shiina) - 君に夢中 Kimi ni Muchuu,yUrMVw7osA4
PhaseConnect (Shiina) - 君に夢中 Kimi ni Muchuu,yUrMVw7osA4
RADWIMPS - Grand Escape,saDmN2f3HI0
RADWIMPS - Nandemonaiya,n89SKAymNfA
RADWIMPS - Sparkling,-J9FuvPmMoI
REI - Shirayukihime,ymzsUVRWcrc
REOL - Hikibase,tNvWAcc4uDQ
REOL - No title,s-xD1jMPrfw
Remioromen - KONAYUKI,YmP4oHHnLd8
Remioromen - KONAYUKI / 粉雪,YmP4oHHnLd8
Rie Fu - Tsuki Akari,xdY-nijUawg
Rie Takahashi (Re:Zero ) - Stay Alive,84YBqfpCGW8
Rokudenashi - As you don't know,touthnqVQ6Q
Rokudenashi - Eureka,SOuPSWYV0zk
Ryokuoushoku Shakai - Mela!,wzslO9QbDAQ
Ryuki - bokunoyokodenemukimiga,9KiZMK_hZLE
SCANDAL - Shunkan Sentimental,2kXLZ9_GwIc
SEASIDE CIRCUIT - 海にしずむ月,T3Hqk5csCZI
SEKAI NO OWARI - Habit,9Fqt9EkWMoY
SEKAI NO OWARI - Rain,qKymy-TvdVE
SEKAI NO OWARI - Saraba,vyC7lwaw474
SEKAI NO OWARI - サラバ,vyC7lwaw474
SEREBRO - Mimimi,WqWYhWQ1gKY
SID - Uso,8OZpBLAULNI
SOUTHERN ALL STARS - 真夏の果実 - Manatsu no Kajitsu,0P1FloeKyF0
Sailor Moon - Moonlight Densetsu,obfP1lxjcXY
Saji - Statice,z4CX24MuuJA
Sakanaction - Shin Takarajima / 新宝島,0EuC4jUbITA
Sakanaction - 新宝島,0EuC4jUbITA
Sakura - いきものがかり,UPTu_OFj12M
Samurai Champloo - Shiki no Uta,UQbcyOxqDFw
Sen Masao - 北国の春 Kita Guni no Haru,haT0zivAbq4
Sheena Ringo - Marunouchi Sadistic / 丸ノ内サディスティック,4tlUwgtgdZA
Sherry - Adesso e Fortuna - Honoo to Eien-,n7VYDNExf1I
Sherry - Kaze no Fantasia,gBpyGaNQnmM
ShibayanRecords - Fall In The Dark,iPyzBHCLKY8
Shounen - Grand Blue,yGqhuP4SMaE
Shounen - Yumemonogatari,ot74iWU1Aac
Shyness Boy - Anri,50qu96dvhH8
Sophisticated Lady - Thelonious Monk (瑟隆尼亞斯孟克) - Thelonious Monk Plays Duke Ellington,aFcSzE9NxK4
Soraru - ダーリン そらる / soraru - ダーリン - / そらる,qVbrTccF19c
Soul Cobra Twist - Tamashii 魂,SUO1UzL-h1k
Soul Eater OP - Resonance,0Fn1Z2iKtUg
Southern All Stars - HOTEL PACIFIC,TjmoaDFXCOo
Southern - Ai to Yokubo no Hibi,lYvIm7C8cbI
Southern - I AM YOUR SINGER,Sabo_p_cJxc
Spitz - Minato,vey--P4xdoU
Spitz - Kaede 楓,ZVMIqxYglcE
Spy Classroom - nonoc - Tomoshibi,Wxxj_vrLsU0
Steins;Gate - Hacking to the Gate,d6DZdV_bCgE
Stereopony - Hitohira No Hanabira,GXHJDBl3vrQ
Suiet - Fall in Love,s63Y0G8iNfY
Supercell - My Dearest,WmZQFfypvhg
Supercell - Kimino Shiranai Monogatari,0VpGoDp3FCE
Suzuki Tsunekichi - OMOIDE,reUY7WlQM0E
Sword Art Online S1ED2 - Haruna Luna - Overfly,Wm85WWsyOo0
Sword Art Online S2ED1 - Haruna Luna - Startear,apihZDgqkIQ
Sword Art Online S2ED3 - LiSA - シルシ,F9GXgPHeKfA
Sword Art Online S2OP2 - Haruka Tomatsu - Courage,AuwxFEXhALU
Sword Art Online S3ED1 - Eir Aoi - IRIS,mmeDg1gtj1Y
Sword Art Online S3ED2 - LiSA - Unlasting,z9N_5CcYAio
Sword Art Online S3OP1 - LiSA - Adamas,UljR2IQAVfw
Sword Art Online S3OP2 - Haruka Tomatsu - Resolution,6sI4FQZfe0E
Sword Art Online S4P2 ED - ReoNA - Anima,5OxPxamlP00
Sword Art Online S4P2 OP - LiSA - unlasting,z9N_5CcYAio
TAK & Corbin - Tic! Tac! Toe!,tnx7Eh6tu64
THE ORAL CIGARETTES - Kyouran Hey Kids!!,IHaUGQVrBa8
TOGENASHITOGEARI - Emptiness and Catharsis 空白とカタルシス,hwvAh7M3erc
TOGENASHITOGEARI - I’ｍ here 運命の華,Nz-MAr3YPEA
"TOGENASHITOGEARI - VOID 空の箱 (井芹仁菜、河原木桃香) (Nina Iseri, Momoka Kawaragi)",gpCHjSaetds
TOGENASHITOGEARI - Wrong World 雑踏、僕らの街,MSmfAa_oSqE
"TOGENASHITOGEARI - 空の箱 (井芹仁菜、河原木桃香) - VOID (Nina Iseri, Momoka Kawaragi)",gpCHjSaetds
TOGENASHITOGEARI - 空白とカタルシス - Emptiness and Catharsis,hwvAh7M3erc
TOGENASHITOGEARI - 運命の華 - I’ｍ here,Nz-MAr3YPEA
TOGENASHITOGEARI - 雑踏、僕らの街 - Wrong World,MSmfAa_oSqE
TOKYO SKA PARADISE ORCHESTRA - (Everybody is a) SUPERSTAR (From TOUR 2021「Together Again!」2021.07.02 at TOKYO GARDEN THEATRE),hZfuXmwWr1Y
TOMOO - Ginger,LrgYnXMrCgQ
TOMOO - Honey Boy,lYhW3H58JZw
TOMOO - Sunny Day,bkAl0joSRac
TOMOO - Walk on the Keys,20NawK4J-vY
TRUE (Violet Evergarden) - Sincerely,DeUa4ewSFiQ
TRUE (Violet Evergarden) - Will,kzFO0Vj4Uu4
"TUYU - I'm getting on the bus to the other world, see ya!",9V4EOblFuRk
Taeko Onuki - 4:00 A.M.,_sOKkON_UnQ
Taeko Onuki - Tokai,_GIi1ZpYtuY
Tatsuro Yamashita - Morning Glory,c44EyEEBrX0
Tatsuro Yamashita - クリスマス·イブ,5HjOb90tvy0
Tatsuya Kitani - Where Our Blue Is,65xX7zyr-fA
Tatsuya - HUMANLIKE,KWy0e3uXsvg
The Melancholy of Haruhi Suzumiya - God Knows,5QNaSMiZ_-o
The Twelve Kingdoms ED - Getsumei Fuuei,H0gQb9WxsjI
Toaru Kagaku no Railgun - Only My Railgun,RPqLIZw3M98
Tohoshinki - どうして君を好きになってしまったんだろう？,9RTs_JPSGns
Tokyo Ghoul - Unravel,C0ppulkmXPw
Tokyo Karankoron - スパイス,kCv3LcmD8e0
Tomoko Aran - I'm in Love,uP9JBYk2Mcs
Toradora - Orange,s2bECQLBPdg
Toradora - Pre-Parade,ylPEBnmRRxQ
Toradora - Silky Heart,LVh_hUxm-0A
Toshiki Kadomatsu - Airport Lady,VKEoH6yM8z4
Toshikii Kadomatsu - After 5 Clash,np0G61L7tJE
Train - Marry Me,DNbKs0Na_sc
UVERworld - Touch Off,MaZapg_E35w
Uru - Anataga Iru Kotode,6ZyZRFChIPU
Uru - Freesia,mI-mWEyORWg
Uru - それを愛と呼ぶなら,k608vAM8PhA
Utada Hikaru - First Love,5X5Vc7z6CtA
VSPO! - Shunkan Sentimental 瞬間センチメンタル,2kXLZ9_GwIc
Vaundy - Odoriko 踊り子,CnlMTBwsBHs
Vaundy - 恋風邪にのせて - Koikaze ni nosete,6aP_zJ21Jmw
Vaundy - 花占い / Hana Uranai,3UbBjzFDkd4
Vaundy - 裸の勇者 - Hadaka No Yusha,wWnak7V8hr0
Vaundy - 踊り子 Odoriko,CnlMTBwsBHs
Vocaloid - えれくとりっく・えんじぇぅ / Electric Angel,jVp91z9fEMo
Vocaloid - 右肩の蝶 / Butterfly on Your Right Shoulder,cOBS5PcukVs
WaMi - Fragments,8pV8HkfDTaE
Weaver - Kuchizuke Diamond,RWHt5jjXFTc
Wotamin - Yume to Hazakura,H-V_R4ZG35g
& Japan - Endless Rain,v6vBNzYOXwU
& Japan - Say Anything,tNwTgcXymbA
YOASOBI - Kaibutsu 怪物,k0g04t7ZeSw
YOASOBI - アイドル,m9SMT5ipbxk
YOASOBI - アドベンチャー,VmUZooM4ZtE
YOASOBI - 夜にかける,mJ1N7-HyH1A
YUI - Again,0NJCpJZ19n8
YUI - CHE.R.RY,_blGJS3rWow
YUI - LOVE & TRUTH,tWdWVfpGOGI
YUI - Rolling Star,L1RG1YqWwuo
YUI - Rolling Star (Bleach),L1RG1YqWwuo
YUURI - DRY FLOWER ドライフラワー,qhmrt3ZNgcs
YUURI - かくれんぼ,ezOJEEZJtcY
Yakuza - Baka Mitai,ZSBnCOGj2t4
Yama - am.3:21,mUZ8JFZUn2U
Yama - 春を告げる,EwpKUV0ECvQ
Yama - 色彩,Xy6hu53ZTuA
Yama - 血流,sd1mAKAzpf0
Yasuha - Flyday Chinatown,hci81q8Q49Q
Yo-King - Tooi Nioi,WsNCNandECs
Yoh Kamiyama - Irokousui,pIZ_tApNslQ
Yoh Kamiyama - Kiito,S3ce3lK_QQw
Yoh Kamiyama - YELLOW,waYhTInn7GU
Yoko Oginome - Dancing Hero,ooHSMVWVxKI
Yorinuki Gintama-san - DOES - Bokutachi no Kisetsu,-MR62AF7c5c
Yorinuki Gintama-san - Vijandeux - Wave,WiI0r0LctBE
Yorinuki Gintama-san - AZU - IN MY LIFE,ii_ZbZV5T9o
Yorinuki Gintama-san - Piko - Sakurane,XIBzlAQf2Y0
Yorinuki Gintama-san - XY - We Gotta Fight,p3AQKWlhXaM
Yorinuki Gintama-san - DOES - Bakuchi Dancer,zk_HpiPnMAc
Yorinuki Gintama-san - Inoue Joe - Kaze no Gotoku,84Dne1Cr5KA
Yorinuki Gintama-san - Chiaki Kuriyama - Kanousei Girl,mM1AOHQRAqY
Yorinuki Gintama-san - FLiP - Kaatoniago,xUubdVpr8Lo
Yorinuki Gintama-san - CHiCO with HoneyWorks - Kyo Mo Sakura Mau Akatsuki Ni,rls7ktQKN88
Yorushika - Flower And Badger Game 花人局,3XIORoa0v0k
Yorushika - Forget it,NTcjpGnuNJs
Yorushika - Sunny,mUSVav9pKO4
Yorushika - Sunny 晴る,mUSVav9pKO4
Yorushika - Thats Why I Gave Up Music,64ftDYJXcTo
Yoshiki - Amethyst,Sv1ldYFH_OU
Yoshimi - タッチ,FdF124WwqZE
Young Kee - Muteki 無敵,EWDIS_cU2qk
Yu-Gi-Oh! GO RUSH!! Opening 2 - Soul Galaxy (BRADIO）,v4TvPNfqQNs
Yuaru - Asu no Yozora Shoukaihan アスノヨゾラ哨戒班,d5UvZI8iSlU
Yuaru - アスノヨゾラ哨戒班,d5UvZI8iSlU
Yuika - Sukidakara (feat. Ren),jlZJcx2Ighc
Yuinishio - セルフハグ・ビッグラヴ (Selfhug Biglove),xYjFAVKxRqQ
Yuki Kajiura - Melody,hWlPS7CxOwk
Yuki - Melody,PvVgqYSsQ2Y
Yumi Matsutoya - Rouge no Dengon,F9lYzWkz8Zs
Yuna Ito - Alone Again,KBn0mNHeU-M
Yuru Camp - Shiny Days,rFMo9PULMtk
Yuru Camp - 佐々木恵梨 - ふゆびより,lXOLSJqEc5Y
Yutaka Ozaki - I Love You,urSnG3k2yqM
Yuuri - Mizukiri,zK2MNC78wE4
"Yuuri - The day we become eternal love,not lovers",nx5mDuzPf2U
Yuzu - 表裏一体,tV8zhwgiL2A
ZUTOMAYOI - Byoushino Kamu,0ad7f0H5wmY
asu - ねむるまち,V_iQu-Q7xBc
asu - ねむるまち,V_iQu-Q7xBc
back number - Happy End,Rq65VlRhvMs
back number - Tsunaida Tekara / 繋いだ手から,zLiesSw6IqY
halca - Kimi No Tonari,BYuU4kUOMFY
nonoc (Spy Classroom) - Tomoshibi,Wxxj_vrLsU0
nqrse - 泡沫の夜,5j9-iSRoRiQ
shoyusound - ラストナイトダンス,qFcXSzEI5CQ
sumika - Fiction,XyuLpZAywH0
tayori - 雪解け (feat. 倚水),aLTQmyIGoXg
くじら - ねむるまち feat.yama,V_iQu-Q7xBc
くじら - アルカホリック・ランデヴー,VI0RDniSZgg
くじら - 夜桜 feat.めいちゃん,RF4WmPDZ7kA
くじら - 抱きしめたいほど美しい日々に,Ceto2_1wrbE
くじら - 金木犀 feat.Ado,81IZf1_D8So
さいとうまりな - crazy for you -,sE6X-ecBqk4
しゃろう - 3:03 PM,UztxQkaZLog
コバソロ & Lefty Hand Cream - 風になる,eQj3uvNP4Ew
コレサワ - たばこ,IaO1jVOaeO8
サカナクション - 撲殺天使ドクロちゃん OP,3F9p3-kqlq8
サンボマスター - Seishun Kyousoukyoku,B8TClXpFbC4
ユアネス-yourness - 私の最後の日 My Last Day,No_xE2-52qI
ユアネス-yourness - Sun shower,6y3o9gXWz2o
ユアネス-yourness - 籠の中に鳥 Kago no Naka ni Tori,qos0DriiFKk
ユイカ - そばにいて,LgVQUo7ES4k
ユイカ - 好きだから,SVkGRoLicuA
ユリカ/花たん - 歌に形はないけれど,afye0DOeyhQ
ラックライフ - 名前を呼ぶよ,y8bRrsQ7Sd0
ラックライフ - 風が吹く街,VRHlyjMIzEg
ラムジ - プラネット,YB0ZasQXzL0
ロクデナシ - ただ声一つ,IwQGnXpskoY
ロクデナシ - ばいばいまたあした,Pm3jV_Qeiwc
ロクデナシ - スピカ,j7mCHcDrRF8
ロクデナシ - 三時のキス,rUwhfR2lt8E
ロクデナシ - 愛が灯る,BRPQDDAUeMY
中島美嘉 - 僕が死のうと思ったのは The Reason I Wanted To Die,6xZWW8ZQvVs
健屋花那/にじさんじ - KING,kPN9wb1LnKY
八十八ヶ所巡礼 88kasyo junrei - 狂感できない,Af6T7HNjC8w
八十八ヶ所巡礼 88kasyo junrei - 金土日,dvyTpSD_-RA
命の歌 - Kurenai (feat. Sennzai),bUHNRjRzgR0
宇多田ヒカル - Automatic,KZrx_5QOwEA
宇多田ヒカル - First Love,wcBbqRlOn5s
宇多田ヒカル - One Last Kiss,GYeOVn0PhSk
浮雲 - 夏央,EFdAzKntuAk
秋川雅史 - 千の風になって,aHdkn5VTyWM
紗希 - 恋人になれなかった,Q2Zesg_ojbA
紫翠みちる - Potion,rz8tYk2Tqmc
絢香 - やさしさに包まれたなら,trhN39-wtEU
美波 (Minami) - カワキヲアメク Crying For Rain,gxp3R7l1iSk
花たん - 深海,kSu1SnoZTKU
退屈を再演しないで - Eve,VYKIfqc-1Is
酸欠少女 さユり - Sanketsu-girl,RFgzBoPGKYo
酸欠少女 さユり - Tower of Flower,Rwzy6Qt8gq8
須田景凪 - veil,xj-4fxPo2JQ
香椎モイミ feat. 可不 - キャットラビング,TcIpMhUHRvM
麦吉_Maggie & 盖盖Nyan - kimi no toriko summertime,B7luArOaIl0
"Bolbbalgan4 - ""Galaxy (우주를 줄게)""",RAoUvmw4dEE
FIFTY FIFTY - Cupid,iv7TrKrwteI
AC/DC - Thunderstruck,lhg9bYNLvOg
Against the Current - Legends Never Die,0ERTPLucL_A
Aimyon - Till I Know What Love Is (I'm Never Gonna Die),KK8A6pVrCdQ
Bag Raiders - Shooting Stars,O-MQC_G9jTU
Bag Raiders (Ant Man) - Shooting Stars,mllzzUjMezU
Beyonce - Single Ladies,4z-bOdAdias
"Bohemia after Dark - Kenny Clarke, Cannonball Adderley - To The Surface",GtVVeaQiCwE
Christina Grimmie - Just a Dream (feat. Kurt Hugo Schneider & Sam Tsui),j5JKx9ISxaw
"Counting Crows - Accidentally In Love (From ""Shrek 2"" Soundtrack)",GEo7W-uJNkc
Daniel Powder - Bad Day,-reIEyYxgxA
Disney (Little Mermaid) - Under the Sea,ChNJ_FMtSnk
Eve - Outsider,0R5uXlT54hs
Gintama - Takahashi Hitomi x BEAT CRUSADERS - Wo Ai Ni,0Xlxd9e0l-0
Gintama - ONE☆DRAFT - Wonderful Days,zJfox_oTQUM
Gintama - FLiP - Wonderland,cq_YvgOXohg
Gundam - INVOKE,rkcaLGdwXcs
Hardcastle - Mundane,CTCK_2hNovE
Macross - Walkure - Ikenai Borderline,6HYHdkEYdQE
Paul Anka - Put Your Head On My Shoulder,kvazBqAlx58
Stephen Sanchez and Em Beihold - Until I Found You,kPlSyYtE63M
The Wanted - I Found You,8kSObV9Vsi0
Undead Unluck - Kairi Yagi - Know Me,hC_j_fejk1U
Undead Unluck - OKAMOTO - Nothing can challenge this love,TZBu2bF1yGA
Undead Unluck - Queen Bee - ZERO ICHfI,-yGI2uFaacY
Vaundy - Fukakoryoku,bGQQfNgtlz8
Vaundy - mabuta,A6o4Dbcxsu0
Vaundy - Tokimeki,GXc9h3hXRUk
"With Apologies to Oscar - Kenny Clarke, Cannonball Adderley - To The Surface",t53pdOa2Ytk
YES - Roundabout 2008 (JOJO meme song),cPCLFtxpadE
Adele - Make You Feel My Love,QVeubNxaBsg
Adele - Someone Like You,UQ8cXH7qbVU
Amy - Song i made instead of revising for a math exam,QQw431bEHko
Andrea Bocelli - Bésame Mucho,g4M0hH1R2eU
Angel Beats - Girls Dead Monster - Little Braver,0OBS0X1gydw
Bao the Whale - Bishounen,urpzEEkcoCg
Bao the Whale - Citrus Love,-BFNFzgnnkQ
Bao the Whale - Love Me Not,ltGGFqn4ixw
Bao The Whale - Bubblegum K.K. Cover,LHVmEYNtCuQ
Bao The Whale - Kamisama Hajimemashita OP,YoZYLNrrKNk
Bao The Whale - Kokoronashi,5A33L6Juy0M
Bao the Whale - Say So (Japanese Version),yIAsrNc76-Y
Bao The Whale - The Best For You,Q7GN2Wocs2w
Beatles - Here Comes the Sun,xUNqsfFUwhY
Belle - Millenium Parade - U,GbGzRMiwu0Y
Code Geass - Flow - Colors,G-h_sVWP1SQ
Coldplay - Viva La Vida,ALsvdSA9tOU
Davina Michelle - All of Me,bAkuZV1c9vE
Deep Purple - Smoke on the Water,dkRi0jJOFmo
Disney (Aladdin) - A Whole New World,xYjFxFFdyyk
Disney (Little Mermaid) - Kiss the Girl,pyFI0Qu8Bo0
Eagles - Hotel California,BciS5krYL80
Ed Sheeran - Castle on the Hill,wqlTrBCNRiY
"Eurythmics, Annie Lenno & , Dave Stewart - Sweet Dreams (Are Made Of These)",i5_asj1BGFs
Every Little Thing - fragile,-kQb0fmd6F4
E & ILE - Ti Amo,jrI9zLeuizE
FripSide - black bullet,5q8PJ-ldGoo
FripSide - only my railgun,RPqLIZw3M98
Gintama - Aqua Timez - Saigou Made II,DKjLSLgQT2w
Gintama - CHiCO with HoneyWorks - Pride Kakumei,NLVVF2Op9Zc
Hardcastle - Does Somebody Love You,w9hLBtLFT5E
Harry Styles - As It Was,nujn6wbr-e8
Hikaru No Go - Anime De Japan - Majiwaru Michi,7LjQiqU_o3c
Raden - twinkle night,WWe57v_HZ1M
Israel Kamakawiwo'ole - Somewhere Over the Rainbow,U-Ooxpz0Eqk
Jacky Cheung - Ta Lai Ting Wo De Yan Chang Hui,Uq-RaIvrc5Q
José Feliciano - Feliz Navidad,jj-oTtHTwVY
Louis Armstrong - La vie en rose (Single Version),M9FRCxGMz-0
Michael Buble - It's Beginning To Look a Lot Like Christmas,Meh4tHXaaGM
Michael - White Christmas,Upx15Gpv5NM
Minami - RUDE LOSE DANCE,8OYi7YuNHFI
My Little Lover - Shiroi Kaito,hldbHsq-Mno
Nat King Cole - The Christmas Song (Merry Christmas To You),g8UmqvOqB1A
Owl City - Vanilla Twilight,2BXRpq3MEGY
Queen - Bicycle Race,kcr8JtkclRs
Russell Dickerson - Every Little Thing,9LsR6WfMQgw
Ryuki - boku no yoko de nemu kimi ga,wSPYf1249oA
Satoshi Gogo - Moon Shade (Secret Garden ver.),Zkek_KqpRP4
Shawn Mendes - There's Nothing Holdin' Me Back,Ztdc7TcPdAA
Spirit Bo & - Circle with Me,MdqaAXrcBv4
Tatsuro Yamashita - Ride on Time,eenS6C_obbk
Tayori - A Little Bird Told Me,vMt0XYO3L8U
tayori - A Little Bird Told Me,vMt0XYO3L8U
Toradora - Vanilla Salt,9FYC8JJ2JQ0
Village People - YMCA,khOFB1Erzdg
Selena - No Me Queda Más,5plHrG1WJVE
CYsmi & feat. Emmy - Tear Rain,t3d6v_TC6CM
"Hero Academia - Go, Plus Ultra",FGbRKH01L1k
Iso Piano PIANO - I LOVE YOU,szWX1HhMZvI
Lupin III - Theme From Lupin Ⅲ '78（2002 Version Yuji Ohno）,CTKelM1ojis
Persona - Dancing All Night Opening,CzMaGbRO8Bs
Persona - Specialist,yxkQ-jaCm-E
Riyandi Kusuma PIANO - golden hour,9SFyYXMcraI
Doors Down - Here Without You,84jK2Rzso7M
Doors Down - Kryptonite,UjWZGLi-1jM
Aaron Smith - Dancin (feat. Luvli),E7u4iasuz1Q
ABBA - Dancing Queen,YkLLcIKhJ64
Anthony Riley - I Got You (I Feel Good) from James Brown,MbICPk-N-1c
Beatles - In My Life,mBqqeqcJM_0
Bee Gees - Staying Alive,W_dDNNEdIJg
Billy Joel - She's Always a Woman,kdxSmoxfl7A
Bob Dylan - Knockin' On Heaven's Door,z4R5crZylQ0
Bonnie Tyler - Total Eclipse of the Heart,fSeFxzeo5Ts
Bring Me The Horizon - Can You Feel My Heart,UonVoc65dx8
Calum Bowie - Love Lost,mQUpnMrWpto
Capital Cities - Safe and Sound,jWpZuFM0Qtk
Charlotte (ZHIEND) - Fallin' (English),ODlhuBoLE8w
Charlotte (ZHIEND) - Trigger (English),WXrLyAlQ1Ec
Connie Francis - Pretty Little Baby,OsUFgUxm5bY
Disney - I See the Light,h9SAUq5-V7o
Disney - When Will My Life Begin,zLVrbFB7Xlc
DOES - KNOW KNOW KNOW,k1Ey101ysL0
Dönut Larsen - Ghost Of You,wNWnhDu8Bm4
Eddie Money - Take Me Home Tonight,FGb381tMJrw
Eir Aoi - Ignite,XXV6oIory8s
Fall Out Boy - Centuries,dfk6i41GCNo
Fifth Harmony - Work from Home,c5l4CGQozWY
Frank Sinatra - Fly Me To The Moon (2008 Remastered),ZEcqHA7dbwM
FUNKIST - Snow Fairy,L57WhDlai9s
G-Over - drive,3Y5quWBZXrA
Gabriela Bee - High Hopes,j3_lb_Ui9a4
Greatest Showman - Rewrite the Stars,RbimXGH5zkE
Guns N Roses - Welcome To The Jungle,0CNPR2qNzxk
High School Musical - Breaking Free,08NXKsXK7XU
High School Musical - Start of Something New,Ief8pPSv7Ww
High School Musical - We're All in This Together,Bz73c8rz4QA
IRyS - Mortality Game,kGcXvvFRbHE
James Brown - I Got You (I Feel Good),iSLwVaebsJg
"James Brown - It's A Man's, Man's, Man's World",hK97cdbbsQw
Jason Paige - Pokemon Theme,JHnk5LyVNME
"Julie Andrews - I Could Have Danced All Night (from ""My Fair Lady"")",cZBHzz2IxHg
Julie Andrews - Wouldn't It Be Lovely,ibayKwOHbfk
Julie and the Phantoms (Netfli & ) - Bright,nE8geK9Cl8o
Julie and the Phantoms (Netfli & ) - Stand Tall,cph521mEO_w
"Karan Aujla - Tauba Tauba (From ""Bad Newz"")",N6_EvGT0ZfM
Kiss - I Was Made For Lovin' You,12fJAnaif34
KPOP Demon Hunters - Golden,9_bTl2vvYQg
KPOP Demon Hunters - Soda Pop,y7CrvsCIjyo
KPOP Demon Hunters - Takedown,jq-L70UXun8
Lady Antebellum - Need You Now,YBGKwMAtdHI
Lady Gaga & Bruno Mars - Die With a Smile,DlFXDl_ROAM
Lana Del Rey - Summertime Sadness,fRQg_9ulGuI
Lemon Fight - Stronger,Pe7AWIQlH4E
Life in 3D - Put Your Head on My Shoulder,hGKG6RKp_MM
LINKIN PARK - Skin to Bone,IRL7Refc2oM
Lipps Inc. - Funkytown,OAC4ItP0xWM
Lydia - F.I.R.,s-uogu8umGE
Maroon 5 - This Love,AqQuRw0S6b4
Nickelback - If Today Was Your Last Day,TXFF6voOorU
Nouvelle Story - Be Yourself Or Die Dreaming,_uRjf7F8Sbg
NYANA BANYANA - I Really Want to Stay At Your House,CLriYXW5gNU
"Phase Connect (Rie, Runie, Lumi) - Still Into You",vkJSM1E7_SY
Phase Connect (Shiina) - ihopeudontforgetme,AokrH1s1bSM
Phase Connect - Pick Me Fever,sy9DAKkgjVs
Phase Connect - One Step March,RUK1vFXY2Pw
Phase Connect - Pick Me Fever,sy9DAKkgjVs
Phase Connect - The Feels,xaM1i3lUmmo
pillows - Star overhead,CMxCmmHkyCE
Queen - We Are the Champions,WPhIvWaNdx4
Red Hot Chili Peppers - Scar Tissue,tpYdGgzCW-M
Sade - Smooth Operator (2011 Remastered),rS7Va0sBYAM
Sade - Smooth Operator (Single Version),mRNcPbCJNJ8
SPECTRUM - FLY,cQjW6OOpo4g
Stevie Wonder - Isn't She Lovely,oE56g61mW44
Tears For Fears - Everybody Wants To Rule The World (Single Version),2nNR4EsOgKE
Teddy Swims - Lose Control,AeedWEyMYYo
The Kooks - Naive,4tyLvtzMwwE
The Outfield - Your Love,W2a8Ng1qM8Q
The Smiths - Heaven Knows I'm Miserable Now,3Mr0pDNVms0
The Supremes - Stop! In The Name Of Love,I6T_ZAP52xM
The White Stripes - Fell In Love With a Girl,Q2kVgBegKL4
The White Stripes - Seven Nation Army,D_QLxj8jCF0
Vocaloid - Crusher-P feat. GUMI - ECHO,mQFokUq9LYs
VShojo (AmaLee) - Ruler Of My Heart,p_D1hVsKvSA
VShojo (AmaLee & Nerissa) - Blink Gone,6yWyLnLWiAA
VShojo (Michi) - Medicine,mU3WxurzNfk
VShojo (Michi) - Paparazzi,KPs9oxsdIWc
VShojo (Michi) - Tipsy,9DqTXCd_vq0
VShojo (Michi & bariloaf) - BRAIN,FGQCU6qJ0oM
VyVid (Eva) - Magnetic,WFlCJ0XPARM
VyVid (Eva) - you are my curse,B4vTwppAfDg
Warren Zevon - Keep Me in Your Heart,ODRGLFQ-QcY
White Stripes - Seven Nation Army,D_QLxj8jCF0
周華健 - 刀劍如夢,15HE06a3L3Y
張韶涵 - 遺失的美好,-824SW0sMyc
許紹洋 - 花香,DXcMCxAAFxI
阿杜 - 天黑,izTOOkxVtV8
阿杜 - 撕夜,h1yf9u66C4k
光逸幸 / Kouitu Sin - LOOP / SIRUP,0asG3rxEor8
費玉清 Fei Yu-ching - 天之大,VZDRhd5yfRA
費玉清 Fei Yu-Ching - 一簾幽夢 - Dreaming In A Romantic Night,W00POcpDBs8
費玉清 Fei Yu-Ching - 千里之外 - Thousand Miles Away,xUCKabb_n7Y
林俊傑 JJ Lin - 因你而在,LvdBYUIbsEA
AKINO - Miiro 海色,W6zK9jCf5sM
OMEGA TRIBE - Kimi ha 1000％,2ghA7MXUhac
Ado - Gyakkou (Uta from ONE PIECE FILM RED) - 逆光 (ウタ from ONE PIECE FILM RED),vHfAjfKVMew
aimyon - Kimi Wa Rock Wo Kikanai - 君はロックを聴かない,zfnZxuaVZyM
Aimyon - Ai Wo Tsutaetaidatoka 愛を伝えたいだとか,TSGOZyt2iDI
Ai Tomioka - missing you,deE5ak0Atxw
"Ai Tomioka - 恋する惑星「アナタ」Koi suru wakusei ""Anata""",FoKSCgV9gH0
AKASAKI - Bunny Girl,_GXbXU4g_CA
AKASAKI - 今夜は君と - Tonight With You,jQtZ4Y2suO0
Ale & andros - Wataridori ワタリドリ,b_bjtIeqIR4
Anri - I CAN'T STOP THE LONELINESS 悲しみがとまらない,6q6GtPdVHL4
Anzenchitai - Anatani あなたに,jkcDr3jBmUU
Anzenchitai - 月に濡れたふたり - Tsukini Nureta Futari,sKF_Spz2EHc
Anzenchitai - 消えない夜 - Kienai Yoru,WjCXJIqu6eY
Aoi Teshima - 明日への手紙 - Asu e no Tegami,Mohf-jt7-2Y
Atarayo - Summer haze 夏霞,6rOy6zi8Rao
Atarayo - 夏霞 - Summer haze,6rOy6zi8Rao
Ayumu Imazu - BANDAGE,XWuI_NPjnqE
Back Number - Happy End,Rq65VlRhvMs
Back Number - Jyoen Jyoyuushou 助演女優症,eiJQWvjVdzE
Back Number - Kowai Hanashi こわいはなし,CVOauFxtpks
"back number - Sincerely, from a Future - ある未来より愛を込めて",kT4JC5yKlKg
back number - Suiheisen - 水平線,c_mVwBCLBCE
Back Number - あやしいひかり - Ayashii Hikari,x3jYBCgfXKY
back number - あやしいひかり - Ayashii Hikari,x3jYBCgfXKY
back number - こわいはなし - Kowai Hanashi,CVOauFxtpks
Back Number - アイラブユー - I Love You,LM_5KevVmYc
back number - エメラルド - Emerald,dB4SxQwoNsQ
Back Number - オールドファッション - Old Fashion,IqmrDiuQ_dE
Back Number - ヒロイン - Heroine,107UoVP2fAA
Back Number - ブルーアンバー - Blue Amber,BZ8MAxVzdC0
Back Number - 僕は君の事が好きだけど君は僕を別に好きじゃないみたい - Bokuwa Kiminokotoga Sukidakedo Kimiwa Bokuo Betsuni Sukijyanaimitai,2XdZIWXu9kM
back number - 助演女優症 - Jyoen Jyoyuushou,eiJQWvjVdzE
Back Number - 思い出せなくなるその日まで - Omoidasenakunaru Sonohimade,sEvUoGyG02Q
Back Number - 恋 - Koi,6cpByeN69EA
Back Number - 日曜日 - Nichiyoubi,Eg3xk4F9J3U
Back Number - 水平線 - Suiheisen,c_mVwBCLBCE
Back Number - 繋いだ手から - Tsunaida Tekara,zLiesSw6IqY
back number - 繋いだ手から - Tsunaida Tekara,zLiesSw6IqY
Back Number - 高嶺の花子さん - Takaneno Hanakosan,uDsEVMjwNb0
back number - 高嶺の花子さん - Takaneno Hanakosan,uDsEVMjwNb0
BAND-MAID - Thrill,46A5e-KzDOc
Bocchi the Rock YAHO (SICK HACK) - I'm the only ghost ワタシダケユウレイ,ujjQ4TEb83k
Bocchi the Rock YAHO (SICK HACK) - Watashi Dake Yuerei ワタシダケユウレイ,ujjQ4TEb83k
BUMP OF CHICKEN - Tentaikansoku 天体観測,M_Uz5SKGxs4
Chieri Ito - Merry Christmas,W-yApOUpSMk
Cindy - Watashitachi o Shinjite Ite 私達を信じていて,Nr-WemEPw48
ClariS - Connect コネクト,A8CbP6Pjqko
Cody - イエロー - Yellow,e_uwLEvf1EY
CodyLee - おどる ひかり - Dancing Lights,LmVcqQsYNEM
Creepy Nuts - Nidone 二度寝,PSG26Ami11Y
Creepy Nuts - 二度寝 - Nidone,343CEfsc7Rk
Da-iCE - I wonder,AhfLfGX-3Hs
Elia Stellaria - 「Secret base～君がくれたもの～」,B0GpxW8K0vY
E & ILE - 真夏の果実 - Manatsunokajitsu,0P1FloeKyF0
Fujii Kaze - Tsumi No Kaori - 罪の香り,Ppf9IQgVarU
Fujii Kaze - もうええわ - Mo-Eh-Wa,wS8UMHQILWg
Fujii Kaze - ロンリーラプソディ - Lonely Rhapsody,I3oUsW9bXvQ
"Fujii Kaze - 花 (Fujii Kaze Stadium Live ""Feelin' Good"") - Hana (Fujii Kaze Stadium Live ""Feelin' Good"")",2Lz6CJP5pFM
GReeeeN - 愛唄 - Aiuta,XtBUrzpLjGQ
Haruomi Hosono - Kanashimi no Lucky Star 悲しみのラッキースター,6dpoCAnPK9Y
Haruomi Hosono - 悲しみのラッキースター - Kanashimi no Lucky Star,6dpoCAnPK9Y
Hi-Fi Set - スカイレストラン - Sky Restaurant,8BNRHW8kwbY
HIMEHINA - バブリン - Bubblin',3DVx-MNjdkk
Hitsujibungaku - Feel,OaQjDNoQV2E
Hitsujibungaku - Mild Days,Z9v1CMwUxRs
Ao - bubble maybe 泡沫メイビー,FQWntvPJx_s
AZKI - いのち (2024 ver.),xnvX7jQNQoY
AZKI - Sincerely,yhgPXHKHB80
AZKI & Koyori & Lamy - 愛♡スクリ～ム,8hHAAzBUCm4
AZKI & Suisei - 冒険彗星,amMOz7I65F0
Baelz - Weight of the World 壊レタ世界ノ歌,Aefk6vkuR8o
Baelz - Kokoronashi 心做し,UwSNfatEYcQ
Baelz - Suki Dakara 好きだから,jlZJcx2Ighc
Elizabeth Rose Bloodflame - Snow Halation,Vwnp-2T3VFg
Elizabeth Rose Bloodflame & Hakka - Mephisto,QHG_71NO0lE
FLOW GLOW - Heaven's Drive,Dy_eP-mqWow
FLOW GLOW - Lost in Paradise,L0AfbFuoH20
FLOW GLOW - Shout Baby,YOnqT1xVTM0
FLOW GLOW - BE THE MONSTER,IenFrufsAfU
FLOW GLOW - Heaven's Drive,Dy_eP-mqWow
FLOW GLOW - LOAD,L0AfbFuoH20
FLOW GLOW - Lost in Paradise,L0AfbFuoH20
FLOW GLOW - Shout Baby,YOnqT1xVTM0
FUWAMOCO - (NEKOPARA After) - side by side,Lj7libD_7ig
FUWAMOCO - Lifetime Showtime,MEOzN03mbwE
Gigi - Hai Yorokonde / はいよろこんで,KAaUyVJoNAE
Gigi & Cece - Naimononedari / ないものねだり,pQkFEmCYE-I
Hajime - BANZAI,1hnjShTrTtc
Hajime - Countach,vvBj821BBUo
Hajime - ヴァンパイア,LzwAnMLnwS4
HoloEN - Breaking Dimensions,fi7BsaRy8aY
HoloEN - Odyssey,uzXl0QuvOMo
Iroha & AZKi - 心予報 - Eve / Covered by 風真いろは×,YP_tCnNdBCI
IRyS - Carbonated Love,xOs-q-QjD3U
IRyS - Diamond Girlfriend,Cgs5JfCIhrQ
Kanade - 快晴名前のない怪物,pH9UhAe1DLg
Kanade & Calliope - Beyond the way,yoeOSzkhLkY
Kanade & Calliope - Beyond the Way,yoeOSzkhLkY
Kanade & Calliope - DAYBREAK FRONTLINE,6Io5B6_j7K4
Kanata - Fallen Wing 片羽,kb-Le_XFrtk
Korone & Shion - 【デジモンアドベンチャー】brave heart,nYHJKgd2va8
Kronii - Souten ni Moyu 蒼天に燃ゆ,fV5cwbuFnYw
Liz & Hakka - Mephisto,dLlD-dZNACM
Matsuri - Whiteberry,K3cb3SLBdsM
Mio - Colorful Universe,wBYqedyELHc
Mio - 天ノ弱,GRZnz3vwGwE
Moona - Charade,7Omkk-MSxcc
Moona - 愛の小さな歌 Ai no Chiisana Uta,opaixR7ZpIE
Moona & Nerissa - 100%,QBQHpuuGfL4
"Nerissa - Good Luck, Babe!",fUsUIWOwKEU
Nerissa - Espresso,cjsIkv4z4TM
Nerissa - God-ish / 神っぽいな,d0RGKhjIygQ
Niko - アスノヨゾラ哨戒班,ckSB7Hc0qxg
Niko - ヒカリへ,c4pR8Vfc2FU
Okayu - また、おかえり,EzaNWGSOTx4
Okayu - ガザニア,dQb-GSVx2nc
Okayu - ガザニア gazania,qd95T-mq5VA
Okayu - キスだけでいいからね - just a kiss,MRMZDhHzbZE
Okayu - キスだけでいいからね just a kiss,MRMZDhHzbZE
Okayu - ネコカブリーナ Neko Kaburi-Na,ZHYGhr4gdWk
ReGLOSS - Hour Time Yellow,tLxZygPFzvE
ReGLOSS - Midsummer Citrus / ミッドサマーシトラス,Pc6YLWgS0sQ
ReGLOSS - Sakura Mirage サクラミラージュ,HJCn1urH4ww
ReGLOSS - SUMMERTIME RECORD サマータイムレコード,OWD7vps-uD4
ReGLOSS - symmetry シンメトリー,DWkHHf_HaL4
ReGLOSS - スターマイン (Da-iCE),hTnpGG4B5HI
ReGLOSS - スターマイン / Da-iCE,hTnpGG4B5HI
ReGLOSS & FLOW GLOW - Heaven's Drive,y6lfK3bH4z8
ReGLOSS & FLOW GLOW - Lost in Paradise,uAX_UVix6s0
ReGLOSS & FLOW GLOW - Shout Baby,tm7vHnTec24
Sakuna formerly Aqua - 恋愛サーキュレーション,EgOYNnsYme4
Sora - 命に嫌われている,1DZd-rx_DE0
SorAZ - 君の知らない物語 - Kimi no Shiranai Monogatari,WK3-_ZpKigU
Suisei - DEADPOOL,Fg5-55vZwp0
Suisei - Orbital Period,kHpDG-d9oio
Suisei - もうどうなってもいいや - I don't care,K6byv4lH3XY
Suisei - ムーンライト Moonlight,Pmvjj62_Dbc
Vivi - FG ROADSTER（SOLO ver.）,JoQ4ycF9iMo
Vivi - Luna say maybe,NBL9sMFXj1g
Hololive - Moonlight Densetsu (Sailor Moon),UXnYcuZpdls
I Don't Like Mondays - Wolf Vibes,Mr2i8pDyUoU
I Don't Like Mondays - Zero Gravity,6JyhaOwvWFc
Ikimonogakari - Sentimental Boyfriend,jN5OSU2kRrY
Ikimonogakari - Shiroi Diary,cf2nydgB38U
Ikimonogakari - ブルーバード - Blue Bird,udNgJUiBCRg
I Re'in For Re'in - Mystery Girl ミステリー・ガール,dHDVI6pENYo
Joe Hisaishi - 海の見える街 - A Town with an Ocean View,j0-bAeVWkWI
JUJU - Konoyoruwo Tometeyo この夜を止めてよ,SeN_abzRnkI
Junko Ohashi - I Love You So,SYGylsNWKHA
Junko Ohashi - Sweet Love,EmFxfCvkUmU
Junko Ohashi - Telephone Number テレフォン・ナンバー,PJe5-e3IJ3w
Kahoru Kohiruimaki - City Hunter 愛よ消えないで,_1x0cGFy07U
KANA-BOON - Silhouette シルエット,zqKrpw36xnU
Kazumasa Oda - Yes-No,Ok7j0aoPdsA
Ken Hirai - POP STAR,b5wAUeFr1Qw
Kenshi Yonezu - LOSER,mzVbYUBo8_Y
Kenshi Yonezu - Uma to Shika,BOll7hFQu08
Kenshi Yonezu - さよーならまたいつか！,nmYDYalgb5w
"Kenshi Yonezu - さよーならまたいつか！- Sayonara - Sayonara, Mata Itsuka!",nmYDYalgb5w
Kenshi Yonezu - 米津玄師 - 馬と鹿 Kenshi Yonezu - Uma to Shika,BOll7hFQu08
King Gnu - 白日 - Hakujitsu,_PNFMuT6e4o
King Gnu - 硝子窓 - GLASS WINDOW,yZDA80D42RM
King Gnu - 逆夢 - Sakayume,9y5iaRtS3hU
Kingo Hamada - Machi No Dorufin,VDuDQNkSC6g
KOBUKURO - Million Films,OR0OYjqJozo
kojima michiru - Best Friend,KP4H_GQaCdA
LET ME KNOW - 偽愛とハイボール - Ai to Highball,ilbnta471cI
Lilas Ikuta - Sparkle - スパークル,ZYZp78E4JxA
Lisa - Crossing Field,F9GXgPHeKfA
LiSA - Gurenge 紅蓮華,TqyfmFaZlqw
LiSA - Homura 炎,NinLIDs9qmU
LiSA - 炎 - homura,NinLIDs9qmU
Mahou - Sis Puella Magica! (Yuki Kajiura),bzlHPlq8hIs
Mai Yamane - Tasogare,PiYXAnB9J2U
MAN WITH A MISSION - 絆ノ奇跡 / Kizuna No Kiseki,fR8iPh9S9qg
Masaki Suda - Haiiro to Ao (灰色と青),UIDT-yCv_tY
Masaki Suda - るろうの形代 - Rurou no Katashiro,pGemnN1vhCs
Masaki Suda - 米津玄師「 灰色と青（ ＋菅田将暉 ）」,bUSp_L2QfAc
Masaki Suda - 糸 - Ito,J3RWKacpfAA
Meiko Nakahara - Dance In The Memories,OYr736N9GEs
Meiko Nakahara - Go Away,0ytrFDqSDzM
Meiko Nakahara - ココナッツの片想い - Coconut No Kataomoi,KtpIRhU7E80
Meiko Nakahara - ジゴロ - Gigolo,UhYt2XpqT2k
Meiko Nakahara - 君たちキウイ・パパイア・マンゴーだね。 - Kimitachi Kiwi Papaya Mango Dane,UxpMy1AZNe4
Memaisiren - 偽物の宴 - Nisemononoutage,Zc52Kh-LyZg
Memai - Nisemononoutage 偽物の宴,Zc52Kh-LyZg
Miki Matsubara - Hello Today ハロー・トゥデイ,P_GGJlv7HOc
Miki Matsubara - WASH ウオッシュ,h3xLPvFpIzw
milet - Anytime Anywhere,OqQAFmkrzew
Miori Celesta & Yura Rikudou - ねむるまち (Nemuru Machi),uXzqEsndiww
Mosawo - Gyutto ぎゅっと,4bH7kHZJHzY
Mr. Children - 365日 - Sanbyakurokujuugonichi,lYG1Ty4ywvI
Mr. Children - Gift,U6FinOyI3xM
Mrs. GREEN APPLE - KUSUSHIKI - クスシキ,0Po9x1n0aQE
Mrs. GREEN APPLE - ダンスホール - Dance Hall,Kt451YtL-Vs
Nanami Urara - Surges,UAqFCeqEpTE
NANAOAKARI - Kien Romance 奇縁ロマンス,9GGDbVHz3yU
Nano - SAVIOR OF SONG (feat. MY FIRST STORY),Zj6OidMy-70
Nijisanji (Ange) - Bunny Girl,6hcxnP-RjoM
Nijisanji (Ryushen) - ヒッチコック,X4ErKwQlHYE
Noriyo Ikeda - Dream in the Street,OGtRVAnHFz0
Novelbright - candle,OJ7vhQMOvCs
Novelbright - 君色ノート,hxkF7cFS6RI
Official HIGE DANdism - Laughter,U3lzMLpQy68
Official HIGE DANdism - Universe,Oa-Vc2amuA0
OFFICIAL HIGE DANDISM - 日常 - Nichijo,iTxcnLTNLW8
Official髭男dism - Pretender,37W7Y2RRyiM
Omoinotake - 幾億光年 - Ikuokukonen,EjOy4lXtiYE
ONE OK ROCK - Kanzen kankaku Dreamer 完全感覚Dreamer,GfZMz6VNfV0
Onmyo-za - KOUGA NINPOUCHOU 甲賀忍法帖,3wOp4gv-aIY
PhaseConnect (Pippa & Lisa) - Magnet,TvNEUhBNVpU
plenty - 人間そっくり - Ningen Sokkuri,JwVZbPwsid4
plenty - 蒼き日々 - Aokihibi,krklvzzmxhI
Reiko Takahashi - Sunset Road,CnMzjiYVXYo
Ryokuoushoku Shakai - 花になって - Be a flower,voAu0YRWUNE
S.Kiyotaka & Omega Tribe - DEAR BREEZE,yFC2Ty2M9Og
S.Kiyotaka & Omega Tribe - SUMMER SUSPICION,Linic9PpDOw
Saki Kubota - Campus Gai '81 キャンパス街'81,TvpgRSMyuJk
Saucy Dog - シンデレラボーイ - Cinderella Boy,vJ2AhTaQO10
Seiko Matsuda - Aoi Sangosho 青い珊瑚礁,J9rHnK8QBDA
SEKAI NO OWARI - Zukan - 図鑑,PkL4EWE1VH8
SHIENA NISHIZAWA - 吹雪 - FUBUKI,JoLyKYBbYW4
Shoko Nakagawa - DAN DAN 心魅かれてく - DAN DAN kokorohikareteku,fLYOMvdsCxQ
SID - Monokuro No Kiss モノクロのキス,cQ6iK6IcwaI
SID - Uso 嘘,8OZpBLAULNI
SID - レイン - Rain,ODk1GyYsDv4
Spitz - あじさい通り - Ajisai Doori,RB-fgqNddtU
SUKIMASWITCH - 雫 - Shizuku,pPwLe9Nt364
Supercell - Kimino Shiranai Monogatari 君の知らない物語,0VpGoDp3FCE
Taeko Onuki - じゃじゃ馬娘 - Jajauma Musume,3rHObjo2Bu4
Tatsuya Kitani - Where Our Blue Is - 青のすみか,65xX7zyr-fA
TOGENASHITOGEARI - Emptiness and Catharsis 空白とカタルシス,hwvAh7M3erc
Tokyo Ska Paradise Orchestra - 美しく燃える森,zrJNwARUWdc
Tomoko Aran - Midnight Pretenders,7pPb5fmumNo
Tomonari Sora - 鬼ノ宴 - Demons Banquet,LqORo58AIlo
tuki - SAKURA KIMI WATASHI - サクラキミワタシ,UgG0P2sHoU4
tuki - 晩餐歌,p1tsL0YmNqU
Uru - アンビバレント - Ambivalent,lnI-C4EH5_k
Vaundy - Mabuta まぶた,A6o4Dbcxsu0
Vaundy - pained,9tpGkTWUvTc
Vaundy - トドメの一撃 - Todome no ichigeki (feat. Cory Wong),v_RADg2mgP0
Vaundy - 世界の秘密 - Sekai no Himitsu,amQZKaeEyv0
Vaundy - 怪獣の花唄 / Kaiju no Hanauta,ENQANfv2ANQ
Vaundy - 瞳惚れ - hitomibore,eL3_n6vnPS4
Vocaloid - Dixie Flatline feat. Megurine Luka - Just Be Friends,rLYtecBVHrs
Vocaloid - doriko feat. Hatsune Miku - Romeo and Cinderella,x64etY04Cvo
Vocaloid - Kurousa-P feat. Hatsune Miku - Senbonzakura,nHGW_wUfqkQ
Vocaloid - kz (livetune) feat. Hatsune Miku - Tell Your World,4n94ukt15qg
Vocaloid - minato (Ryuusei-P) feat. Hatsune Miku & Megurine Luka - Magnet,V9ixiBJU6Is
Vocaloid - Neru feat. Kagamine Rin - Lost One’s Weeping,j3yLRDi1-NM
Vocaloid - Nori-P feat. Kagamine Len - Butterfly on Your Right Shoulder,ZwlA4bfcIdQ
Vocaloid - ryo (supercell) feat. Hatsune Miku - Melt,nWRF4KDA8Zk
Vocaloid - ryo (supercell) feat. Hatsune Miku - ODDS&ENDS,KMA7jinlhBo
Vocaloid - ryo (supercell) feat. Hatsune Miku - World is Mine,SZcilh-cZXE
Vocaloid - wowaka feat. Hatsune Miku - Rolling Girl,x1Izs6k9VcM
VShojo (Michi) - 寄り酔い Tipsy,o1HxeJYKwlQ
VSPO! (Asumi) - サマータイムレコード,rSPVdaETPMI
WhaleDontSleep - ねむるまち - Sleeping town (feat. yama),ZcOGuRQL5xM
WhaleDontSleep - 化粧と - Daily Makeup (feat. Aomushi),yUpUiOehpIU
WhaleDontSleep - 抱きしめたいほど美しい日々に - Beautiful Day,A7FmbgqQ2hs
WhaleDontSleep - 金木犀 - Osmanthus (feat. Ado),1SxEc9qHDPg
& JAPAN - ENDLESS RAIN (Remaster) - Endless Rain,HLxilW_tl_s
& JAPAN - Forever Love,TeiSqTVhebE
& JAPAN - Kurenai (紅 KURENAI),dApxUMZXsIs
& JAPAN - Tears,YsOh6yWhYvE
& JAPAN - 紅（イントロ ストリングス） (Remaster) - Kurenai (Intro strings) (Remaster),CAjbt5MFHuw
YOASOBI - 祝福,2eNEQ0cQtkI
Yorushika - Forget it 忘れてください,NTcjpGnuNJs
Yorushika - Howl at the Moon 月に吠える,2q74THeHeEY
Yorushika - Sunny - 晴る,mUSVav9pKO4
Yorushika - Sun 太陽,sCr5cU330BI
Yorushika - 言って,WHdL2vstvL8
Yuki Kimura - LOVE & JOY,_q9_sWkkCz4
Yurie Kokubu - I Wanna Be With You,r7J1pU_jFI4
Yurie Kokubu - Just A Joke,FVikHLyW500
ZUTOMAYO - Byoushin wo Kamu 秒針を噛む,0ad7f0H5wmY
ZUTOMAYO - Stay Foolish ばかじゃないのに,-DGcZ-UW-kQ
CM - To Reach You (너에게 닿기를) - To Reach You (너에게 닿기를),RZMp2kQObCs
Rock It! - Du wirst ein Rock It sein,vGtaDvhSxaI
Rock It! - Wie die Welt leuchtet,3atcZoaGy90
Rock It! - Wir lieben die Musik,vGtaDvhSxaI
CASIOPEA - Sunnyside Feelin',17Nn3SeGo3M
Shubham Rangra - Manwa Lage (LoFi),MEjnFgMh3qE
Yellow Magic Orchestra - Rydeen (2018 Bob Ludwig Remastering),9xfi70IhFFg
Yo-Yo Ma - I Could Have Danced All Night (Extended version),FFVwuBmhogM
Yuki Hayashi - You Say Run,QwACoXnNcwg
X JAPAN - ENDLESS RAIN (Remaster) - Endless Rain,f-xpMS7YMsE
X JAPAN - Forever Love,TeiSqTVhebE
X JAPAN - Kurenai (紅 KURENAI),dApxUMZXsIs
X JAPAN - Tears,YsOh6yWhYvE
X JAPAN - 紅（イントロ ストリングス） (Remaster) - Kurenai (Intro strings) (Remaster),CAjbt5MFHuw
Hololive (Nerissa) - Meltdown,HTToIEq9uvc
Hololive (Nerissa) - Sweetest Scarlet,K-q6mrNvuow
Horimiya COVER - Iro Kousui,9ZfYJoCy52w
Hololive (Advent) - Sirens,hMtlZrpBQsw
Hololive (FLOW GLOW) COVER - One,nFO1jILeoJ4
Ange - Overdose,cw13KP7tPmc
Elira Pendora - Shoujo Rei,yIKg_ffILwk
Elira - Shoujo Rei,yIKg_ffILwk
Enna Alouette - Love Space,zxgFBLadcEA
Enna - Love Space,zxgFBLadcEA
Inui Toko - 気まぐれロマンティック,1boL5rnvJdk
Inui Toko - 青春コンプレックス,7FDRQifEMUQ
Inui - 気まぐれロマンティック,1boL5rnvJdk
Inui - 青春コンプレックス,7FDRQifEMUQ
LazuLight - Diamond City Lights,MWKw-heslkQ
LazuLight - Virtual to LIVE,_G6kcpRxaio
Millie Parfait - Sana Aku Na Lang,AVQ6Z0CebBU
Millie - Sana Aku Na Lang,AVQ6Z0CebBU
Pomu Rainpuff - Ikanaide,OC7Q2BnIyEs
Pomu - Ikanaide,OC7Q2BnIyEs
Ryushen - Jokes,7a75UI5rw7U
Toko Inui - らしさ,1boL5rnvJdk
Toko Inui - 晴る,gdG6Yjmnuz4
Toko - 青春コンプレックス,7FDRQifEMUQ
とこ/尊楓/リゼ/るる - 一度だけの恋なら,qHSihFKF5UE
AmaLee - Ruler Of My Heart,p_D1hVsKvSA
AmaLee & Nerissa - Blink Gone,6yWyLnLWiAA
Michi - Medicine,mU3WxurzNfk
Michi - Paparazzi,KPs9oxsdIWc
Michi - Tipsy,9DqTXCd_vq0
Michi & bariloaf - BRAIN,UocAgx19Wj4
Ange - Bunny Girl,IpEVD2Gb_zg
Ryushen - ヒッチコック,pJJrhNeXiU0
Michi - 寄り酔い Tipsy,o1HxeJYKwlQ
Nerissa - Meltdown,HTToIEq9uvc
Nerissa - Sweetest Scarlet,K-q6mrNvuow
Horimiya - Iro Kousui,pIZ_tApNslQ
"Andora - Fragments (note that ""WaMi - Fragments"" is different)",8pV8HkfDTaE
Advent - Sirens,hMtlZrpBQsw
AZKi & Mio - ninelie,OVXnizdIxtc
Botan - 人間みたいね,5J70dygI5Og
FLOW GLOW - One,IenFrufsAfU
FLOW GLOW - good enough,W1Tff8itcNY
FLOW GLOW - ゆれる,uAX_UVix6s0
Kobo Kanaeru - Fond Memories,LCvrgllsuKQ
Koyori - 愛♡スクリ～ム！,3yaab2_EEHM
Sora - ゴーストルール,OawQ054luI4
Sora - ゴーストルール,OawQ054luI4
虎金妃笑虎 - BRAIN,Cg-hMIePcYM
虎金妃笑虎 - アスノヨゾラ哨戒班,Cg-hMIePcYM
Toko Inui - B級,yeav3eDN6wI
Toko Inui - 踊り子,1boL5rnvJdk
Michi - BRAIN,w_appDFuUeU
Yoei - 水星,EJO2JzJ_g_g
